form_number,revision,title,statute,published,filename,size_bytes,status,pdf_url,detail_url
AOC-CR-314,,Criminal Record Search,"7A-109,7A-308(a)(17),7A-343(3)","March 1, 2007",AOC-CR-314 - Criminal Record Search.pdf,193961,downloaded,https://www.nccourts.gov/assets/documents/forms/cr314_0.pdf?VersionId=GAAJOpaZqfXKQQMpPhdGjbzRms0eImD1,https://www.nccourts.gov/documents/forms/criminal-record-search
AOC-CR-664,,Conditions Of Release For Person Charged With Assault Or Threat Against Officer,G.S. 15A-534.9,"November 30, 2025",AOC-CR-664 - Conditions Of Release For Person Charged With Assault Or Threat Against Officer.pdf,176193,downloaded,https://www.nccourts.gov/assets/documents/forms/cr664.pdf?VersionId=ulbK7eDvjeM..pfE5IloGfjX3PAFfpCt,https://www.nccourts.gov/documents/forms/conditions-of-release-for-person-charged-with-assault-or-threat-against-officer
AOC-CR-636F,,"Conditional Discharge Under G.S. 14-277.8 (False Report/Threat Of Mass Violence) (For Offenses Committed On Or After Dec. 1, 202",G.S. 14-277.8,"November 30, 2025",AOC-CR-636F - Conditional Discharge Under G.S. 14-277.8 (False ReportThreat Of Mass Violence) (For Offenses Committed On Or After Dec.pdf,569600,downloaded,https://www.nccourts.gov/assets/documents/forms/cr636f.pdf?VersionId=btQVLAeFmUX.94UXvgx0APkLTWgWnlaY,https://www.nccourts.gov/documents/forms/conditional-discharge-under-gs-14-2778-false-reportthreat-of-mass-violence-for-offenses-committed-on-or-after-dec-1-2025
AOC-CR-633F,,"Conditional Discharge Under G.S. 15A-1341(a5) (For Offenses Committed On Or After Dec. 1, 2025)",G.S. 15A-1341(a5),"November 30, 2025","AOC-CR-633F - Conditional Discharge Under G.S. 15A-1341(a5) (For Offenses Committed On Or After Dec. 1, 2025).pdf",565388,downloaded,https://www.nccourts.gov/assets/documents/forms/cr633f.pdf?VersionId=ZCxA4uhYM9OXikw5IJevQL2PKtuo7IqX,https://www.nccourts.gov/documents/forms/conditional-discharge-under-gs-15a-1341a5-for-offenses-committed-on-or-after-dec-1-2025
AOC-CR-632F,,"Conditional Discharge Under G.S. 15A-1341(a4) (For Offenses Committed On Or After Dec. 1, 2025)",G.S. 15A-1341(a4),"November 30, 2025","AOC-CR-632F - Conditional Discharge Under G.S. 15A-1341(a4) (For Offenses Committed On Or After Dec. 1, 2025).pdf",583342,downloaded,https://www.nccourts.gov/assets/documents/forms/cr632f.pdf?VersionId=yzLpXM33lpBHGvE6iJJnOmKfIGS.NCf.,https://www.nccourts.gov/documents/forms/conditional-discharge-under-gs-15a-1341a4-for-offenses-committed-on-or-after-dec-1-2025
AOC-CR-628F,,"Conditional Discharge Under G.S. 14-204(b) (For Offenses Committed On Or After Dec. 1, 2025)",G.S. 14-204(b),"November 30, 2025","AOC-CR-628F - Conditional Discharge Under G.S. 14-204(b) (For Offenses Committed On Or After Dec. 1, 2025).pdf",554480,downloaded,https://www.nccourts.gov/assets/documents/forms/cr628f.pdf?VersionId=nB6apx5sz5RHNTfYwt9BWWBseqzzujHU,https://www.nccourts.gov/documents/forms/conditional-discharge-under-gs-14-204b-for-offenses-committed-on-or-after-dec-1-2025
AOC-CR-627F,,"Conditional Discharge Under G.S. 90-96(a1) (For Offenses Committed On Or After Dec. 1, 2025)",G.S. 90-96(a1),"November 30, 2025","AOC-CR-627F - Conditional Discharge Under G.S. 90-96(a1) (For Offenses Committed On Or After Dec. 1, 2025).pdf",606917,downloaded,https://www.nccourts.gov/assets/documents/forms/cr627f.pdf?VersionId=dYlhmS_eVN5yrqhfZErKDbqixh6JG3pt,https://www.nccourts.gov/documents/forms/conditional-discharge-under-gs-90-96a1-for-offenses-committed-on-or-after-dec-1-2025
AOC-CR-621F,,"Conditional Discharge Under G.S. 14-50.29 (Gang Offenses) (For Offenses Committed On Or After Dec. 1, 2025)",G.S. 14-50.29,"November 30, 2025","AOC-CR-621F - Conditional Discharge Under G.S. 14-50.29 (Gang Offenses) (For Offenses Committed On Or After Dec. 1, 2025).pdf",577733,downloaded,https://www.nccourts.gov/assets/documents/forms/cr621f.pdf?VersionId=YfUzJmS5XVG7d.GVUgC7mTvF7AISI.xa,https://www.nccourts.gov/documents/forms/conditional-discharge-under-gs-14-5029-gang-offenses-for-offenses-committed-on-or-after-dec-1-2025
AOC-CR-620,12/25,"Convicted Violent Offender Permanent No Contact Order (For Offenses Committed On Or After Dec. 1, 2025)",G.S. 15A-1340.50,"November 30, 2025","AOC-CR-620 - Convicted Violent Offender Permanent No Contact Order (For Offenses Committed On Or After Dec. 1, 2025).pdf",217866,downloaded,https://www.nccourts.gov/assets/documents/forms/cr620_0.pdf?VersionId=rOWVEmsjj.ciWWU6k5IVwaxSnxqCAoqD,https://www.nccourts.gov/documents/forms/convicted-violent-offender-permanent-no-contact-order-for-offenses-committed-on-or-after-dec-1-2025
AOC-CR-619F,,"Conditional Discharge Under G.S. 90-96(a) (For Offenses Committed On Or After Dec. 1, 2025)",G.S. 90-96(a),"November 30, 2025","AOC-CR-619F - Conditional Discharge Under G.S. 90-96(a) (For Offenses Committed On Or After Dec. 1, 2025).pdf",593781,downloaded,https://www.nccourts.gov/assets/documents/forms/cr619f.pdf?VersionId=vDuj.B0x.fv00vZeRP4Dn.AoJwx_zSpw,https://www.nccourts.gov/documents/forms/conditional-discharge-under-gs-90-96a-for-offenses-committed-on-or-after-dec-1-2025
AOC-CR-608,12/25,Judgment And Commitment Upon Revocation Of Probation - Misdemeanor (Structured Sentencing) (For Offenses Committed On Or After D,"G.S. 15A-1344, -1345","November 30, 2025",AOC-CR-608 - Judgment And Commitment Upon Revocation Of Probation - Misdemeanor (Structured Sentencing) (For Offenses Committed On Or.pdf,339716,downloaded,https://www.nccourts.gov/assets/documents/forms/cr608_2.pdf?VersionId=ltRHJaZttmRm.wAW6N4ghVo2MemGSXyy,https://www.nccourts.gov/documents/forms/judgment-and-commitment-upon-revocation-of-probation-misdemeanor-structured-sentencing-for-offenses-committed-on-or-after-dec-1-2025
AOC-CR-607,12/25,Judgment And Commitment Upon Revocation Of Probation - Felony (Structured Sentencing) (For Offenses Committed On Or After Dec. 1,"G.S. 15A-1344, 15A-1345","November 30, 2025",AOC-CR-607 - Judgment And Commitment Upon Revocation Of Probation - Felony (Structured Sentencing) (For Offenses Committed On Or Afte.pdf,339786,downloaded,https://www.nccourts.gov/assets/documents/forms/cr607_1.pdf?VersionId=zfontb5LwWvvvIPlct87XpJZkW.ZWRa6,https://www.nccourts.gov/documents/forms/judgment-and-commitment-upon-revocation-of-probation-felony-structured-sentencing-for-offenses-committed-on-or-after-dec-1-2025
AOC-CR-604F,,Judgment Suspending Sentence - Misdemeanor Punishment: Community/Intermediate (Structured Sentencing) (For Offenses Committed On,"G.S. 15A-1341, -1342, - 1343, -1343.2, -1346","November 30, 2025",AOC-CR-604F - Judgment Suspending Sentence - Misdemeanor Punishment CommunityIntermediate (Structured Sentencing) (For Offenses Commit.pdf,624856,downloaded,https://www.nccourts.gov/assets/documents/forms/cr604f.pdf?VersionId=zvL_r_3UkuuPCCPXt8lSd85hkj0TRZF9,https://www.nccourts.gov/documents/forms/judgment-suspending-sentence-misdemeanor-punishment-communityintermediate-structured-sentencing-for-offenses-committed-on-or-after-dec-1-2025
AOC-CR-603F,,Judgment Suspending Sentence - Felony Punishment: Community/Intermediate (Structured Sentencing) (For Offenses Committed On Or A,"G.S. 15A-1341, -1342, - 1343, -1343.2, -1346","November 30, 2025",AOC-CR-603F - Judgment Suspending Sentence - Felony Punishment CommunityIntermediate (Structured Sentencing) (For Offenses Committed O.pdf,659367,downloaded,https://www.nccourts.gov/assets/documents/forms/cr603f.pdf?VersionId=_.qjGIpYRXQ59MuxLIJT4Z8XM_Iagjkh,https://www.nccourts.gov/documents/forms/judgment-suspending-sentence-felony-punishment-communityintermediate-structured-sentencing-for-offenses-committed-on-or-after-dec-1-2025
AOC-CR-602,12/25,"Judgment And Commitment - Misdemeanor Active Punishment (Structured Sentencing) (For Offenses Committed On Or After Dec. 1, 2025","G.S. 15A-1301, -1340.20","November 30, 2025",AOC-CR-602 - Judgment And Commitment - Misdemeanor Active Punishment (Structured Sentencing) (For Offenses Committed On Or After Dec.pdf,389188,downloaded,https://www.nccourts.gov/assets/documents/forms/cr602_1.pdf?VersionId=vsGku0RQYepopj6NCs_DRsfACnFaKUMM,https://www.nccourts.gov/documents/forms/judgment-and-commitment-misdemeanor-active-punishment-structured-sentencing-for-offenses-committed-on-or-after-dec-1-2025
AOC-CR-601,12/25,"Judgment And Commitment Active Punishment - Felony (Structured Sentencing) (For Offenses Committed On Or After Dec. 1, 2025)","G.S. 15A-1301, -1340.13","November 30, 2025","AOC-CR-601 - Judgment And Commitment Active Punishment - Felony (Structured Sentencing) (For Offenses Committed On Or After Dec. 1, 2.pdf",428925,downloaded,https://www.nccourts.gov/assets/documents/forms/cr601_3.pdf?VersionId=wv6A9xJeMUAHyNgw_gCd7EOS2ibGFvzo,https://www.nccourts.gov/documents/forms/judgment-and-commitment-active-punishment-felony-structured-sentencing-for-offenses-committed-on-or-after-dec-1-2025
AOC-CR-343,12/25,"Impaired Driving Judgment And Commitment Upon Revocation Of Probation (For Offenses Committed On Or After Dec. 1, 2025)","G.S. 15A-1344, -1345","November 30, 2025","AOC-CR-343 - Impaired Driving Judgment And Commitment Upon Revocation Of Probation (For Offenses Committed On Or After Dec. 1, 2025).pdf",289137,downloaded,https://www.nccourts.gov/assets/documents/forms/cr343_2.pdf?VersionId=PQU5Mpa5wlQRn6qSbexb0Ge9ivm4oj54,https://www.nccourts.gov/documents/forms/impaired-driving-judgment-and-commitment-upon-revocation-of-probation-for-offenses-committed-on-or-after-dec-1-2025
AOC-CR-342C,,"Impaired Driving - Judgment And Commitment (For Offenses Committed On Or After Dec. 1, 2025)",G.S. 20-179,"November 30, 2025","AOC-CR-342C - Impaired Driving - Judgment And Commitment (For Offenses Committed On Or After Dec. 1, 2025).pdf",326667,downloaded,https://www.nccourts.gov/assets/documents/forms/cr342c.pdf?VersionId=uH8vm9nwPOYlmr5GEoUc8PPwnBDd0.qe,https://www.nccourts.gov/documents/forms/impaired-driving-judgment-and-commitment-for-offenses-committed-on-or-after-dec-1-2025
AOC-CR-325,,Limited Driving Privilege Conviction Of Hit And Run With Failure To Stop Or Hit And Run With Failure To Provide Information Or R,"G.S. 20-166, 20-179.3","November 30, 2025",AOC-CR-325 - Limited Driving Privilege Conviction Of Hit And Run With Failure To Stop Or Hit And Run With Failure To Provide Informat.pdf,185671,downloaded,https://www.nccourts.gov/assets/documents/forms/cr325.pdf?VersionId=Bm8VOBPG9oS7R12m3a2oMiOTHztcRoEu,https://www.nccourts.gov/documents/forms/limited-driving-privilege-conviction-of-hit-and-run-with-failure-to-stop-or-hit-and-run-with-failure-to-provide-information-or-render-assistance-nc-convictions-only
AOC-CR-310F,,"Impaired Driving - Judgment Suspending Sentence (For Offenses Committed On Or After Dec. 1, 2025)",G.S. 20-179,"November 30, 2025","AOC-CR-310F - Impaired Driving - Judgment Suspending Sentence (For Offenses Committed On Or After Dec. 1, 2025).pdf",325973,downloaded,https://www.nccourts.gov/assets/documents/forms/cr310f.pdf?VersionId=Ws8Pes5aVn0VLdgi50SUFq0hr6ImwR69,https://www.nccourts.gov/documents/forms/impaired-driving-judgment-suspending-sentence-for-offenses-committed-on-or-after-dec-1-2025
AOC-CR-927,,Notice To Medical Examiner (Pursuant To G.S. 130A-385(d2)),G.S. 130A-385,"September 30, 2025",AOC-CR-927 - Notice To Medical Examiner (Pursuant To G.S. 130A-385(d2)).pdf,196235,downloaded,https://www.nccourts.gov/assets/documents/forms/cr927.pdf?VersionId=i.kM_JZkjMmGTbUM03wcPZiV55NzAR5F,https://www.nccourts.gov/documents/forms/notice-to-medical-examiner-pursuant-to-gs-130a-385d2
AOC-CR-663,,Conditions Of Release For Person Whom Judicial Official Is Unable To Determine To Be Legal Resident Or Citizen Of The United Sta,G.S. 15A-534(d4),"September 30, 2025",AOC-CR-663 - Conditions Of Release For Person Whom Judicial Official Is Unable To Determine To Be Legal Resident Or Citizen Of The Un.pdf,171143,downloaded,https://www.nccourts.gov/assets/documents/forms/cr663.pdf?VersionId=zhBTepqRsPrZJqF1TS_g7UQRcTRK87sJ,https://www.nccourts.gov/documents/forms/conditions-of-release-for-person-whom-judicial-official-is-unable-to-determine-to-be-legal-resident-or-citizen-of-the-united-states
AOC-CR-550,,Law Enforcement Incident Data Sheet,,"August 22, 2025",AOC-CR-550 - Law Enforcement Incident Data Sheet.pdf,180443,downloaded,https://www.nccourts.gov/assets/documents/forms/cr550.pdf?VersionId=x9FUkv3rW0HdJdpB3rC3eLT7XjGSFPvs,https://www.nccourts.gov/documents/forms/law-enforcement-incident-data-sheet
AOC-CR-662,,Order After Receipt Of ICE Detainer And Administrative Warrant,G.S. 162-62(b1),"November 30, 2024",AOC-CR-662 - Order After Receipt Of ICE Detainer And Administrative Warrant.pdf,252503,downloaded,https://www.nccourts.gov/assets/documents/forms/cr662_0.pdf?VersionId=hdzxDxtd2I8V7N_bRTX_os_aJ_kR2sMj,https://www.nccourts.gov/documents/forms/order-after-receipt-of-ice-detainer-and-administrative-warrant
AOC-CR-347,,Interlock Limited Driving Privilege Impaired Driving With Impaired Driving Conviction In Preceding Seven Years (N.C. Convictions,G.S. 20-179.3,"November 30, 2024",AOC-CR-347 - Interlock Limited Driving Privilege Impaired Driving With Impaired Driving Conviction In Preceding Seven Years (N.C. Con.pdf,250013,downloaded,https://www.nccourts.gov/assets/documents/forms/cr347ff%2010-29-2024.pdf?VersionId=NyQPzU_N8orBfOVR99Eh90j8_RZ0ow_6,https://www.nccourts.gov/documents/forms/interlock-limited-driving-privilege-impaired-driving-with-impaired-driving-conviction-in-preceding-seven-years-nc-convictions-only
AOC-CR-299,,Motion And Order To Remove Case From Superior Court To District Court And Order Of Expunction Under G.S. 15A-145.8(a) (Charges R,"G.S. 15A-145.8, -960(a)","November 30, 2024",AOC-CR-299 - Motion And Order To Remove Case From Superior Court To District Court And Order Of Expunction Under G.S. 15A-145.8(a) (C.pdf,234229,downloaded,https://www.nccourts.gov/assets/documents/forms/cr299.pdf?VersionId=Zs1KGJZOSG0CP.X3J8lCrGDBTQW0HjjP,https://www.nccourts.gov/documents/forms/motion-and-order-to-remove-case-from-superior-court-to-district-court-and-order-of-expunction-under-gs-15a-1458a-charges-removed-to-district-court-for-juvenile-adjudication
AOC-CR-409,,Order On Motion To Continue,G.S. 15A-952,"October 3, 2024",AOC-CR-409 - Order On Motion To Continue.pdf,196002,downloaded,https://www.nccourts.gov/assets/documents/forms/cr409.pdf?VersionId=TbzEAQ0SVWQ0fg11oA2Jx5.9ByC7UDVi,https://www.nccourts.gov/documents/forms/order-on-motion-to-continue
AOC-CR-408,,Order Striking Failure To Appear,"G.S. 7A-304(a)(6), 15A-301(g), 15A-544.5, 20-24.2","October 3, 2024",AOC-CR-408 - Order Striking Failure To Appear.pdf,228424,downloaded,https://www.nccourts.gov/assets/documents/forms/cr408ff%2010-18-2024.pdf?VersionId=fvuRzNFngzetEwk46ZDdOl05D5_lAm9X,https://www.nccourts.gov/documents/forms/order-striking-failure-to-appear
AOC-CR-183,,"Motion For Human Trafficking, Involuntary Servitude, Or Sexual Servitude Victim Confidentiality And Order On Motion",G.S. 14-43.17(e),"September 30, 2024","AOC-CR-183 - Motion For Human Trafficking, Involuntary Servitude, Or Sexual Servitude Victim Confidentiality And Order On Motion.pdf",593874,downloaded,https://www.nccourts.gov/assets/documents/forms/cr183.pdf?VersionId=qo8NfodEPPHhiLbVfIzs8iA2BW0z9ehS,https://www.nccourts.gov/documents/forms/motion-for-human-trafficking-involuntary-servitude-or-sexual-servitude-victim-confidentiality-and-order-on-motion
AOC-CR-604E,,Judgment Suspending Sentence - Misdemeanor Punishment: Community/Intermediate (Structured Sentencing) (For Offenses Committed De,"G.S. 15A-1341, -1342, - 1343, -1343.2, -1346","November 30, 2023",AOC-CR-604E - Judgment Suspending Sentence - Misdemeanor Punishment CommunityIntermediate (Structured Sentencing) (For Offenses Commit.pdf,608592,downloaded,https://www.nccourts.gov/assets/documents/forms/cr604e_1.pdf?VersionId=.KEbd_S9blDobcpOA5vcOqJxfAoVx3jP,https://www.nccourts.gov/documents/forms/judgment-suspending-sentence-misdemeanor-punishment-communityintermediate-structured-sentencing-for-offenses-committed-dec-1-2023-nov-30-2025
AOC-CR-661,,Conditions Of Release For Person Charged Under G.S. 14-288.2 Or 14-288.6,G.S. 15A-534.8,"November 30, 2023",AOC-CR-661 - Conditions Of Release For Person Charged Under G.S. 14-288.2 Or 14-288.6.pdf,178778,downloaded,https://www.nccourts.gov/assets/documents/forms/cr661.pdf?VersionId=Pp1.RkjtbkXWKHWC4HOVkypsapEsQyjd,https://www.nccourts.gov/documents/forms/conditions-of-release-for-person-charged-under-gs-14-2882-or-14-2886
AOC-CR-636E,,"Conditional Discharge Under G.S. 14-277.8 (False Report/Threat Of Mass Violence) (For Offenses Committed Dec. 1, 2023 - Nov. 30,",G.S. 14-277.8,"November 30, 2023","AOC-CR-636E - Conditional Discharge Under G.S. 14-277.8 (False ReportThreat Of Mass Violence) (For Offenses Committed Dec. 1, 2023 - N.pdf",551460,downloaded,https://www.nccourts.gov/assets/documents/forms/cr636e_0.pdf?VersionId=Q4TfPd9jFUPZpWrcbGg9mLWerLb6ga6b,https://www.nccourts.gov/documents/forms/conditional-discharge-under-gs-14-2778-false-reportthreat-of-mass-violence-for-offenses-committed-dec-1-2023-nov-30-2025
AOC-CR-633E,,"Conditional Discharge Under G.S. 15A-1341(a5) (For Offenses Committed Dec. 1, 2023 - Nov. 30, 2025)",G.S. 15A-1341(a5),"November 30, 2023","AOC-CR-633E - Conditional Discharge Under G.S. 15A-1341(a5) (For Offenses Committed Dec. 1, 2023 - Nov. 30, 2025).pdf",545351,downloaded,https://www.nccourts.gov/assets/documents/forms/cr633e_0.pdf?VersionId=cFULUwiU2vy08kZpdzaJRBgChsGkiFQ_,https://www.nccourts.gov/documents/forms/conditional-discharge-under-gs-15a-1341a5-for-offenses-committed-dec-1-2023-nov-30-2025
AOC-CR-632E,,"Conditional Discharge Under G.S. 15A-1341(a4) (For Offenses Committed Dec. 1, 2023 - Nov. 30, 2025)",G.S. 15A-1341(a4),"November 30, 2023","AOC-CR-632E - Conditional Discharge Under G.S. 15A-1341(a4) (For Offenses Committed Dec. 1, 2023 - Nov. 30, 2025).pdf",565340,downloaded,https://www.nccourts.gov/assets/documents/forms/cr632e_0.pdf?VersionId=Hy0pF7JCXFuLFUJkxbemCG4OIQvblYw_,https://www.nccourts.gov/documents/forms/conditional-discharge-under-gs-15a-1341a4-for-offenses-committed-dec-1-2023-nov-30-2025
AOC-CR-628E,,"Conditional Discharge Under G.S. 14-204(b) (For Offenses Committed Dec. 1, 2023 - Nov. 30, 2025)",G.S. 14-204(b),"November 30, 2023","AOC-CR-628E - Conditional Discharge Under G.S. 14-204(b) (For Offenses Committed Dec. 1, 2023 - Nov. 30, 2025).pdf",536441,downloaded,https://www.nccourts.gov/assets/documents/forms/cr628e_0.pdf?VersionId=sQn.VHUqA0RD.ApXZesm05WwxCYhhTLF,https://www.nccourts.gov/documents/forms/conditional-discharge-under-gs-14-204b-for-offenses-committed-dec-1-2023-nov-30-2025
AOC-CR-627E,,"Conditional Discharge Under G.S. 90-96(a1) (For Offenses Committed Dec. 1, 2023 - Nov. 30, 2025)",G.S. 90-96(a1),"November 30, 2023","AOC-CR-627E - Conditional Discharge Under G.S. 90-96(a1) (For Offenses Committed Dec. 1, 2023 - Nov. 30, 2025).pdf",588796,downloaded,https://www.nccourts.gov/assets/documents/forms/cr627e_0.pdf?VersionId=vpjLBQwHPS_Ay1m5B6xLDobSVNp2iYI0,https://www.nccourts.gov/documents/forms/conditional-discharge-under-gs-90-96a1-for-offenses-committed-dec-1-2023-nov-30-2025
AOC-CR-621E,,"Conditional Discharge Under G.S. 14-50.29 (Gang Offenses) (For Offenses Committed Dec. 1, 2023 - Nov. 30, 2025)",G.S. 14-50.29,"November 30, 2023","AOC-CR-621E - Conditional Discharge Under G.S. 14-50.29 (Gang Offenses) (For Offenses Committed Dec. 1, 2023 - Nov. 30, 2025).pdf",559169,downloaded,https://www.nccourts.gov/assets/documents/forms/cr621e_0.pdf?VersionId=t2MlxzE1QuKCy2QVtppBIJkcINjhV26x,https://www.nccourts.gov/documents/forms/conditional-discharge-under-gs-14-5029-gang-offenses-for-offenses-committed-dec-1-2023-nov-30-2025
AOC-CR-619E,,"Conditional Discharge Under G.S. 90-96(a) (For Offenses Committed Dec. 1, 2023 - Nov. 30, 2025)",G.S. 90-96(a),"November 30, 2023","AOC-CR-619E - Conditional Discharge Under G.S. 90-96(a) (For Offenses Committed Dec. 1, 2023 - Nov. 30, 2025).pdf",575356,downloaded,https://www.nccourts.gov/assets/documents/forms/cr619e_0.pdf?VersionId=VXgbp1WJzx0IpLk2ktbWoqr1QBRLps3a,https://www.nccourts.gov/documents/forms/conditional-discharge-under-gs-90-96a-for-offenses-committed-dec-1-2023-nov-30-2025
AOC-CR-603E,,"Judgment Suspending Sentence - Felony Punishment: Community/Intermediate (Structured Sentencing) (For Offenses Committed Dec. 1,","G.S. 15A-1341, -1342, - 1343, -1343.2, -1346","November 30, 2023",AOC-CR-603E - Judgment Suspending Sentence - Felony Punishment CommunityIntermediate (Structured Sentencing) (For Offenses Committed D.pdf,625333,downloaded,https://www.nccourts.gov/assets/documents/forms/cr603e_0.pdf?VersionId=OtVU6aRG6FZvfU1STDHvALiglKjMlm_0,https://www.nccourts.gov/documents/forms/judgment-suspending-sentence-felony-punishment-communityintermediate-structured-sentencing-for-offenses-committed-dec-1-2023-nov-30-2025
AOC-CR-310E,,"Impaired Driving - Judgment Suspending Sentence (For Offenses Committed Dec. 1, 2023 - Nov. 30, 2025)",G.S. 20-179,"November 30, 2023","AOC-CR-310E - Impaired Driving - Judgment Suspending Sentence (For Offenses Committed Dec. 1, 2023 - Nov. 30, 2025).pdf",362767,downloaded,https://www.nccourts.gov/assets/documents/forms/cr310e_0.pdf?VersionId=GaJKzFSxXpnqABxi1RNGWVlTfbRR4.U0,https://www.nccourts.gov/documents/forms/impaired-driving-judgment-suspending-sentence-for-offenses-committed-dec-1-2023-nov-30-2025
AOC-CR-412,,Colloquy For Proceedings Conducted By Audio And Video Transmission,,"February 9, 2023",AOC-CR-412 - Colloquy For Proceedings Conducted By Audio And Video Transmission.pdf,750604,downloaded,https://www.nccourts.gov/assets/documents/forms/cr412.pdf?VersionId=_wCyYahkEO3EyzzHccSqZwTrY7EOHuHo,https://www.nccourts.gov/documents/forms/colloquy-for-proceedings-conducted-by-audio-and-video-transmission
AOC-CR-411,,Waiver Of Rights And Consent To Audio-Video Proceeding,G.S. 7A-49.6,"February 9, 2023",AOC-CR-411 - Waiver Of Rights And Consent To Audio-Video Proceeding.pdf,191730,downloaded,https://www.nccourts.gov/assets/documents/forms/cr411.pdf?VersionId=ZLk5pV0FdLQY9zCc38bhtbY5xqgf_v3t,https://www.nccourts.gov/documents/forms/waiver-of-rights-and-consent-to-audio-video-proceeding
AOC-CR-170,,Notice Of Criminal Process Or Pleading Issued In Error And Request For Review,"Chapter 15A, Art. 17, 15A-511","January 24, 2023",AOC-CR-170 - Notice Of Criminal Process Or Pleading Issued In Error And Request For Review.pdf,186998,downloaded,https://www.nccourts.gov/assets/documents/forms/cr170.pdf?VersionId=q_4O0hleoCcDPuBlTm0IVkJh6FGn6pMI,https://www.nccourts.gov/documents/forms/notice-of-criminal-process-or-pleading-issued-in-error-and-request-for-review
,,Interlock Limited Driving Privilege Impaired Driving (Out-Of-State Or Federal Convictions),G.S. 20-179.3,"May 31, 2022",AOC-CR-UNKNOWN - Interlock Limited Driving Privilege Impaired Driving (Out-Of-State Or Federal Convictions).pdf,210578,downloaded,https://www.nccourts.gov/assets/documents/forms/cv352b_0.pdf?VersionId=nb0QirSCbBCMHWn6trxcNNu.OinROO_f,https://www.nccourts.gov/documents/forms/interlock-limited-driving-privilege-impaired-driving-out-of-state-or-federal-convictions
,,Limited Driving Privilege Impaired Driving (Out-Of-State Or Federal Convictions),G.S. 20-179.3,"May 31, 2022",AOC-CR-UNKNOWN - Limited Driving Privilege Impaired Driving (Out-Of-State Or Federal Convictions).pdf,220086,downloaded,https://www.nccourts.gov/assets/documents/forms/cv352a.pdf?VersionId=WG.Oi9JCdwxzXsN29GeKgTZvh_CyC2PQ,https://www.nccourts.gov/documents/forms/limited-driving-privilege-impaired-driving-out-of-state-or-federal-convictions-0
AOC-CR-313B,,Interlock Limited Driving Privilege Willful Refusal,G.S. 20-16.2,"May 31, 2022",AOC-CR-313B - Interlock Limited Driving Privilege Willful Refusal.pdf,201735,downloaded,https://www.nccourts.gov/assets/documents/forms/cr313b_0.pdf?VersionId=XBlLDmpQqV1xpfDnFaEBzVaJlDITQSSP,https://www.nccourts.gov/documents/forms/interlock-limited-driving-privilege-willful-refusal
AOC-CR-313A,,Limited Driving Privilege Willful Refusal,G.S. 20-16.2,"May 31, 2022",AOC-CR-313A - Limited Driving Privilege Willful Refusal.pdf,204409,downloaded,https://www.nccourts.gov/assets/documents/forms/cr313a.pdf?VersionId=R03QlwlRaxLoaIJXvMH769suW7i11ql5,https://www.nccourts.gov/documents/forms/limited-driving-privilege-willful-refusal-0
AOC-CR-370,,Clerk’s Certification That A Criminal File Does Not Exist,"7A-109, -343(3)","February 8, 2022",AOC-CR-370 - Clerk’s Certification That A Criminal File Does Not Exist.pdf,163304,downloaded,https://www.nccourts.gov/assets/documents/forms/cr370_0.pdf?VersionId=s6ks65DZ1KNMl0mrBynDeED0nmX0el55,https://www.nccourts.gov/documents/forms/clerks-certification-that-a-criminal-file-does-not-exist
AOC-CR-346,,Notice Of Intent To Use Remote Testimony Of Analyst And Chain Of Custody Witnesses In District Court,15A-1225.3(b1); 20-139.1(c6),"December 30, 2021",AOC-CR-346 - Notice Of Intent To Use Remote Testimony Of Analyst And Chain Of Custody Witnesses In District Court.pdf,161197,downloaded,https://www.nccourts.gov/assets/documents/forms/cr346.pdf?VersionId=2iwEXCG4G5ryKQESseO5_ZSrxfscdo1r,https://www.nccourts.gov/documents/forms/notice-of-intent-to-use-remote-testimony-of-analyst-and-chain-of-custody-witnesses-in-district-court
AOC-CR-298,,Instructions For Petition And Order Of Expunction Under G.S. 15A-145.5 (Nonviolent Misdemeanor(s)),"15A-145.5, -150","November 30, 2021",AOC-CR-298 - Instructions For Petition And Order Of Expunction Under G.S. 15A-145.5 (Nonviolent Misdemeanor(s)).pdf,300577,downloaded,https://www.nccourts.gov/assets/documents/forms/cr298_8.pdf?VersionId=37t1tTnRKK4gPsptmWfrOIy8UoeieU1E,https://www.nccourts.gov/documents/forms/petition-and-order-of-expunction-under-gs-15a-1455-nonviolent-misdemeanors-instructions-for-petition-and-order-of-expunction-under-gs-15a-1455-nonviolent-misdemeanors
AOC-CR-297,,Instructions For Petition And Order Of Expunction Under G.S. 15A-145.5 (Nonviolent Felony(ies)),15A-145.5,"November 30, 2021",AOC-CR-297 - Instructions For Petition And Order Of Expunction Under G.S. 15A-145.5 (Nonviolent Felony(ies)).pdf,304457,downloaded,https://www.nccourts.gov/assets/documents/forms/cr297_5.pdf?VersionId=aTwaRtp1WHvm8XOxdYvpn_jAeOKWqi9k,https://www.nccourts.gov/documents/forms/petition-and-order-of-expunction-under-gs-15a-1455-nonviolent-felonyies-instructions-for-petition-and-order-of-expunction-under-gs-15a-1455-nonviolent-felonyies
AOC-CR-258,,Petition For Termination Or Modification Of Satellite-Based Monitoring Under G.S. 14-208.46,14-208.46,"November 30, 2021",AOC-CR-258 - Petition For Termination Or Modification Of Satellite-Based Monitoring Under G.S. 14-208.46.pdf,212913,downloaded,https://www.nccourts.gov/assets/documents/forms/cr258.pdf?VersionId=2ggQS_9HBAOWyekkMauSwXsDGleOvzFY,https://www.nccourts.gov/documents/forms/petition-for-termination-or-modification-of-satellite-based-monitoring-under-gs-14-20846
AOC-CR-257,,Petition For Termination Or Modification Of Satellite-Based Monitoring Under G.S. 14-208.43,14-208.43,"November 30, 2021",AOC-CR-257 - Petition For Termination Or Modification Of Satellite-Based Monitoring Under G.S. 14-208.43.pdf,245751,downloaded,https://www.nccourts.gov/assets/documents/forms/cr257.pdf?VersionId=yteWslzO2c2abaL2r1XsT_WsHmBynaqe,https://www.nccourts.gov/documents/forms/petition-for-termination-or-modification-of-satellite-based-monitoring-under-gs-14-20843
AOC-CR-238A,,Appearance Bond For Release After Judgment In Superior Court Additional Accommodation Bondsmen And Additional File Numbers And O,,"February 8, 2021",AOC-CR-238A - Appearance Bond For Release After Judgment In Superior Court Additional Accommodation Bondsmen And Additional File Numbe.pdf,187097,downloaded,https://www.nccourts.gov/assets/documents/forms/cr238a_0.pdf?VersionId=hD7MOfHxbHObMem3vQ8joFLX7XzLklJ4,https://www.nccourts.gov/documents/forms/appearance-bond-for-release-after-judgment-in-superior-court-additional-accommodation-bondsmen-and-additional-file-numbers-and-offenses
AOC-CR-345,,Application And Order For Limited Driving Privilege - Failure To Comply Revocation,"20-16.1, 20-24.1(f)","November 30, 2020",AOC-CR-345 - Application And Order For Limited Driving Privilege - Failure To Comply Revocation.pdf,211801,downloaded,https://www.nccourts.gov/assets/documents/forms/cr345.pdf?VersionId=Em_0I98PsvTsHO6CGqYk_VLZuNgioKJx,https://www.nccourts.gov/documents/forms/application-and-order-for-limited-driving-privilege-failure-to-comply-revocation
AOC-CR-296,,District Attorney Petition And Order Of Expunction Under G.S. 15A-146(a2) (Not Guilty Or Not Responsible),15A-146(a2),"November 30, 2020",AOC-CR-296 - District Attorney Petition And Order Of Expunction Under G.S. 15A-146(a2) (Not Guilty Or Not Responsible).pdf,241203,downloaded,https://www.nccourts.gov/assets/documents/forms/cr296_2.pdf?VersionId=vULUJIZT3KLUfwWCXbDY7IztrF2UiiZG,https://www.nccourts.gov/documents/forms/district-attorney-petition-and-order-of-expunction-under-gs-15a-146a2-not-guilty-or-not-responsible
AOC-CR-295,,District Attorney Petition And Order Of Expunction Under G.S. 15A-146(a) Or G.S. 15A-146(a1) (Charge(s) Dismissed),15A-146(a) Or G.S. 15A-146(a1),"November 30, 2020",AOC-CR-295 - District Attorney Petition And Order Of Expunction Under G.S. 15A-146(a) Or G.S. 15A-146(a1) (Charge(s) Dismissed).pdf,247888,downloaded,https://www.nccourts.gov/assets/documents/forms/cr295_2.pdf?VersionId=E2g.TcAQpFVME.vo4Dr7grjUwrhd8388,https://www.nccourts.gov/documents/forms/district-attorney-petition-and-order-of-expunction-under-gs-15a-146a-or-gs-15a-146a1-charges-dismissed
AOC-CR-415,,"Request For Relief From Fines, Fees And Other Monetary Obligations, And Order On Request",,"September 11, 2020","AOC-CR-415 - Request For Relief From Fines, Fees And Other Monetary Obligations, And Order On Request.pdf",242400,downloaded,https://www.nccourts.gov/assets/documents/forms/cr415_4.pdf?VersionId=ml6fcqTo32GJGzw.8iU2OfLKO3xVZsBo,https://www.nccourts.gov/documents/forms/request-for-relief-from-fines-fees-and-other-monetary-obligations-and-order-on-request
AOC-CR-294,,District Attorney Petition And Order Of Expunction Under G.S. 15A-145.8A (Non-Traffic Misdemeanor Or Felony Under Age 18 Committ,"15A-145.8A, 15A-150","August 11, 2020",AOC-CR-294 - District Attorney Petition And Order Of Expunction Under G.S. 15A-145.8A (Non-Traffic Misdemeanor Or Felony Under Age 18.pdf,257090,downloaded,https://www.nccourts.gov/assets/documents/forms/cr294_2.pdf?VersionId=D_76EjWBxUpqh5J11A7qv5VjFllnQU1i,https://www.nccourts.gov/documents/forms/district-attorney-petition-and-order-of-expunction-under-gs-15a-1458a-non-traffic-misdemeanor-or-felony-under-age-18-committed-before-raise-the-age
AOC-CR-293,,Instructions For Petition And Order Of Expunction Under G.S. 15A-145.8A (Non-Traffic Misdemeanor Or Felony Under Age 18 Committe,"15A-145.8A, 15A-150","August 11, 2020",AOC-CR-293 - Instructions For Petition And Order Of Expunction Under G.S. 15A-145.8A (Non-Traffic Misdemeanor Or Felony Under Age 18.pdf,271932,downloaded,https://www.nccourts.gov/assets/documents/forms/cr293_2.pdf?VersionId=rgwpGKAVYVHndEQ4K4Eh78MI4ojhIqOa,https://www.nccourts.gov/documents/forms/petition-and-order-of-expunction-under-gs-15a-1458a-non-traffic-misdemeanor-or-felony-under-age-18-committed-before-raise-the-age-instructions-for-petition-and-order-of-expunction-under-gs-15a-1458a-non-traffic-misdemeanor-or-felony-under
AOC-CR-292,,Order Of Expunction Under G.S. 15A-145.8(b) (DNA Records When Charges Remanded Or Removed To District Court),15A-145.8,"November 30, 2019",AOC-CR-292 - Order Of Expunction Under G.S. 15A-145.8(b) (DNA Records When Charges Remanded Or Removed To District Court).pdf,312621,downloaded,https://www.nccourts.gov/assets/documents/forms/AOC-CR-292ff%2011-19-2024.pdf?VersionId=XSXFIPrx2qAZXg7ckkZOd1kUE3cpXquX,https://www.nccourts.gov/documents/forms/order-of-expunction-under-gs-15a-1458b-dna-records-when-charges-remanded-or-removed-to-district-court
AOC-CR-291,,Motion And Order To Remand Case From Superior Court To District Court And Order Of Expunction Under G.S. 15A-145.8(a) (Charges R,"7B-2200.5(d), 15A-145.8","November 30, 2019",AOC-CR-291 - Motion And Order To Remand Case From Superior Court To District Court And Order Of Expunction Under G.S. 15A-145.8(a) (C.pdf,233682,downloaded,https://www.nccourts.gov/assets/documents/forms/cr291_3.pdf?VersionId=8laMrvC0Jgp4fN54oWr9fe2oG7rOU.8U,https://www.nccourts.gov/documents/forms/motion-and-order-to-remand-case-from-superior-court-to-district-court-and-order-of-expunction-under-gs-15a-1458a-charges-remanded-to-district-court-for-juvenile-adjudication
AOC-CR-290,,Instructions For Petition And Order Of Expunction Under G.S. 15A-145.9 Form AOC-CR-290,"15A-145.9, 15A-150","November 30, 2019",AOC-CR-290 - Instructions For Petition And Order Of Expunction Under G.S. 15A-145.9 Form AOC-CR-290.pdf,278421,downloaded,https://www.nccourts.gov/assets/documents/forms/cr290_4.pdf?VersionId=JoSOWdAnD3Of0rT_kF3ckwgX_bTyV__w,https://www.nccourts.gov/documents/forms/petition-and-order-of-expunction-under-gs-15a-1459-offenses-committed-by-human-trafficking-victims-instructions-for-petition-and-order-of-expunction-under-gs-15a-1459-form-aoc-cr-290
AOC-CR-182,,KIẾN NGHỊ VÀ LỆNH THỰC THI QUYỀN CỦA NẠN NHÂN TỘI PHẠM,"15A-832.1(d), 15A-834.5","August 31, 2019",AOC-CR-182 - KIẾN NGHỊ VÀ LỆNH THỰC THI QUYỀN CỦA NẠN NHÂN TỘI PHẠM.pdf,216666,downloaded,https://www.nccourts.gov/assets/documents/forms/cr182_0.pdf?VersionId=ZvoxjVQqmjIOdhcQc5xI1oiZQNLRYBd3,https://www.nccourts.gov/documents/forms/motion-and-order-to-enforce-rights-of-crime-victim
AOC-CR-181B,,ĐIỀU LUẬT VỀ QUYỀN CỦA NẠN NHÂN TỘI PHẠM BẢN THÔNG TIN VỀ NẠN NHÂN TỘI TIỂU HÌNH,15A-832.1,"August 31, 2019",AOC-CR-181B - ĐIỀU LUẬT VỀ QUYỀN CỦA NẠN NHÂN TỘI PHẠM BẢN THÔNG TIN VỀ NẠN NHÂN TỘI TIỂU HÌNH.pdf,286852,downloaded,https://www.nccourts.gov/assets/documents/forms/cr181b_2.pdf?VersionId=I2wIKVjK01qLMsEHWUf.Pr5kV4D.E8Fm,https://www.nccourts.gov/documents/forms/crime-victims-rights-act-misdemeanor-victim-information-sheet-for-offenses-committed-on-or-after-aug-31-2019
AOC-CR-181A,,"Crime Victims’ Rights Act Misdemeanor Domestic Violence Victim Information Sheet (For Offenses Committed Before Aug. 31, 2019)",15A-832.1,"August 31, 2019","AOC-CR-181A - Crime Victims’ Rights Act Misdemeanor Domestic Violence Victim Information Sheet (For Offenses Committed Before Aug. 31,.pdf",237921,downloaded,https://www.nccourts.gov/assets/documents/forms/cr181a_1.pdf?VersionId=RPZViv4A.1FF7eF6nn3fRov4_BP7xFNM,https://www.nccourts.gov/documents/forms/crime-victims-rights-act-misdemeanor-domestic-violence-victim-information-sheet-for-offenses-committed-before-aug-31-2019
AOC-CR-180B,,BẢN GHI THÔNG TIN VỀ NẠN NHÂN CHIẾU THEO ĐIỀU LUẬT VỀ QUYỀN CỦA NẠN NHÂN TỘI PHẠM (DÀNH CHO NGƯỜI THI HÀNH LUẬT PHÁP),"15A-831, 15A-832","August 31, 2019",AOC-CR-180B - BẢN GHI THÔNG TIN VỀ NẠN NHÂN CHIẾU THEO ĐIỀU LUẬT VỀ QUYỀN CỦA NẠN NHÂN TỘI PHẠM (DÀNH CHO NGƯỜI THI HÀNH LUẬT PHÁP).pdf,284218,downloaded,https://www.nccourts.gov/assets/documents/forms/cr180b_2.pdf?VersionId=ysUlfBA6nACNyf2aDdQ5jC6Ie0Wqcjln,https://www.nccourts.gov/documents/forms/crime-victims-rights-act-victim-information-sheet-law-enforcement-for-offenses-committed-on-or-after-aug-31-2019
AOC-CR-180A,,BẢN GHI THÔNG TIN VỀ NẠN NHÂN CHIẾU THEO ĐIỀU LUẬT VỀ QUYỀN CỦA NẠN NHÂN TỘI PHẠM (DÀNH CHO NGƯỜI THI HÀNH LUẬT PHÁP),"15A-831, 15A-832","August 31, 2019",AOC-CR-180A - BẢN GHI THÔNG TIN VỀ NẠN NHÂN CHIẾU THEO ĐIỀU LUẬT VỀ QUYỀN CỦA NẠN NHÂN TỘI PHẠM (DÀNH CHO NGƯỜI THI HÀNH LUẬT PHÁP).pdf,243256,downloaded,https://www.nccourts.gov/assets/documents/forms/cr180a_1.pdf?VersionId=VimJyw3Cqe55HCQixYnlPfIT5zOR_LUJ,https://www.nccourts.gov/documents/forms/crime-victims-rights-act-victim-information-sheet-law-enforcement-for-offenses-committed-before-aug-31-2019
AOC-CR-360,,Order To Submit Fingerprints,,"July 16, 2019",AOC-CR-360 - Order To Submit Fingerprints.pdf,162117,downloaded,https://www.nccourts.gov/assets/documents/forms/cr360.pdf?VersionId=HnA5McTaO3alKwLNaMCK3Q_bNs46H7w0,https://www.nccourts.gov/documents/forms/order-to-submit-fingerprints
AOC-CR-660,,Conditions Of Release For Person Charged With Threat Of Mass Violence,15A-534.7,"November 30, 2018",AOC-CR-660 - Conditions Of Release For Person Charged With Threat Of Mass Violence.pdf,153736,downloaded,https://www.nccourts.gov/assets/documents/forms/cr660.pdf?VersionId=tcb4SdPxuIKnPqRJko_xEYETMBBPJxl.,https://www.nccourts.gov/documents/forms/conditions-of-release-for-person-charged-with-threat-of-mass-violence
AOC-CR-636D,,"Conditional Discharge Under G.S. 14-277.8 (False Report/Threat Of Mass Violence) (For Offenses Committed Dec. 1, 2018 - Nov. 30,",14-277.8,"November 30, 2018","AOC-CR-636D - Conditional Discharge Under G.S. 14-277.8 (False ReportThreat Of Mass Violence) (For Offenses Committed Dec. 1, 2018 - N.pdf",552329,downloaded,https://www.nccourts.gov/assets/documents/forms/cr636d_3.pdf?VersionId=kF_idFdexCx6sxpAw1ahsQfb31zuKwpY,https://www.nccourts.gov/documents/forms/conditional-discharge-under-gs-14-2778-false-reportthreat-of-mass-violence-for-offenses-committed-dec-1-2018-nov-30-2023
AOC-CR-289,,Instructions For Petition And Order Of Expunction Under G.S. 15A-145.7 (False Report/Threat Of Mass Violence),"15A-145.7, 15A-150","November 30, 2018",AOC-CR-289 - Instructions For Petition And Order Of Expunction Under G.S. 15A-145.7 (False ReportThreat Of Mass Violence).pdf,280697,downloaded,https://www.nccourts.gov/assets/documents/forms/cr289_4.pdf?VersionId=1X68AQnDaCccmOxPycRYeNV_6iS_TK2b,https://www.nccourts.gov/documents/forms/petition-and-order-of-expunction-under-gs-15a-1457-false-reportthreat-of-mass-violence-instructions-for-petition-and-order-of-expunction-under-gs-15a-1457-false-reportthreat-of-mass-violence
AOC-CR-300,,Biên Bản Trả Lời Cáo Trạng,"15A-1022,15A-1022.1","July 18, 2018",AOC-CR-300 - Biên Bản Trả Lời Cáo Trạng.pdf,296599,downloaded,https://www.nccourts.gov/assets/documents/forms/cr300_1.pdf?VersionId=EfNOWeHUHmodqTaSLE00D5Y08MiI9icB,https://www.nccourts.gov/documents/forms/transcript-of-plea
AOC-CR-338,8/07,"Notice Of Grossly Aggravating And Aggravating Factors (DWI) (For Offenses Committed Before Dec. 1, 2011)",20-179,"August 1, 2007","AOC-CR-338 - Notice Of Grossly Aggravating And Aggravating Factors (DWI) (For Offenses Committed Before Dec. 1, 2011).pdf",441269,downloaded,https://www.nccourts.gov/assets/documents/forms/aoc-cr-338-120111.pdf?VersionId=uq3FNGGgxM3ouFNivUjbXgqv.YZidrwN,https://www.nccourts.gov/documents/forms/notice-of-grossly-aggravating-and-aggravating-factors-dwi-for-offenses-committed-before-dec-1-2011
AOC-CR-311,12/25,"Impaired Driving Determination Of Sentencing Factors (For Offenses Committed On Or After Dec. 1, 2011)",20-179,"November 30, 2015","AOC-CR-311 - Impaired Driving Determination Of Sentencing Factors (For Offenses Committed On Or After Dec. 1, 2011).pdf",270425,downloaded,https://www.nccourts.gov/assets/documents/forms/cr311.pdf?VersionId=2sRj0Y36Umqp4RIFPwStEpx7aTaJ_xDK,https://www.nccourts.gov/documents/forms/impaired-driving-determination-of-sentencing-factors-for-offenses-committed-on-or-after-dec-1-2011
AOC-CR-210,,Jailor's Report Of Prisoners Who Have Requested Counsel Or Have Been Without Counsel For More Than 48 Hours,7A-453,"September 1, 2003",AOC-CR-210 - Jailor's Report Of Prisoners Who Have Requested Counsel Or Have Been Without Counsel For More Than 48 Hours.pdf,50696,downloaded,https://www.nccourts.gov/assets/documents/forms/aoc-cr-210-en.pdf?VersionId=4Xdhoqv94TIUlCn67yHMHn5uoQV7pehN,https://www.nccourts.gov/documents/forms/jailors-report-of-prisoners-who-have-requested-counsel-or-have-been-without-counsel-for-more-than-48-hours
AOC-CR-310C,,Lái Xe Trong Tình Trạng Không Tỉnh Táo - Phán Quyết Án Treo (Dùng Cho Các Tội Vi Phạm Trong Khoảng Từ Ngày 1 Tháng Mười Hai Năm,20-179,"December 1, 2016",AOC-CR-310C - Lái Xe Trong Tình Trạng Không Tỉnh Táo - Phán Quyết Án Treo (Dùng Cho Các Tội Vi Phạm Trong Khoảng Từ Ngày 1 Tháng Mười.pdf,358963,downloaded,https://www.nccourts.gov/assets/documents/forms/cr310c_1.pdf?VersionId=FYSzuZsDHFpXC8TJ_JM9l8oaq2Bw6x8I,https://www.nccourts.gov/documents/forms/impaired-driving-judgment-suspending-sentence-for-offenses-committed-dec-1-2011-nov-30-2016
AOC-CR-613,,Referral/Order For Sentencing Services Plan,"7A-773.1(a),7A-774(2)","July 1, 2000",AOC-CR-613 - ReferralOrder For Sentencing Services Plan.pdf,131114,downloaded,https://www.nccourts.gov/assets/documents/forms/cr613-en.pdf?VersionId=zjIWmo4Y2w_4qb7VXl8qFk3VJJ3B.vIv,https://www.nccourts.gov/documents/forms/referralorder-for-sentencing-services-plan
AOC-CR-612,,"Restitution Update Worksheet, Notice And Findings (Revocation Or Term",15A-1340.38,"May 1, 2013","AOC-CR-612 - Restitution Update Worksheet, Notice And Findings (Revocation Or Term.pdf",289567,downloaded,https://www.nccourts.gov/assets/documents/forms/cr612.pdf?VersionId=IdHMRUG2Y2dTjW9RSZjNfY3la4xfFfXc,https://www.nccourts.gov/documents/forms/restitution-update-worksheet-notice-and-findings-revocation-or-termination-of-probation
AOC-CR-633B,,"Conditional Discharge Under G.S. 15A-1341(a5) (For Offenses Committed Dec. 1, 2009 - Nov. 30, 2011)",15A-1341(a5),"December 1, 2016","AOC-CR-633B - Conditional Discharge Under G.S. 15A-1341(a5) (For Offenses Committed Dec. 1, 2009 - Nov. 30, 2011).pdf",594939,downloaded,https://www.nccourts.gov/assets/documents/forms/cr633b_0.pdf?VersionId=JAeK999jLz5PIYR9eiq_Vi67dr5PrRxc,https://www.nccourts.gov/documents/forms/conditional-discharge-under-gs-15a-1341a5-for-offenses-committed-dec-1-2009-nov-30-2011
AOC-CR-324B,,Prosecutor's Notice Of Forfeiture Hearing - Felony Speeding To Elude,20-28.2(c),"December 1, 2013",AOC-CR-324B - Prosecutor's Notice Of Forfeiture Hearing - Felony Speeding To Elude.pdf,918102,downloaded,https://www.nccourts.gov/assets/documents/forms/cr324b-en.pdf?VersionId=0BcmFH4_1_bTEBtqMqSdMEEijN0MN6jZ,https://www.nccourts.gov/documents/forms/prosecutors-notice-of-forfeiture-hearing-felony-speeding-to-elude
AOC-CR-323B,,Officer's Affidavit For Seizure And Impoundment And Magistrate's Order - Felony Speeding To Elude,20-28.3,"March 1, 2017",AOC-CR-323B - Officer's Affidavit For Seizure And Impoundment And Magistrate's Order - Felony Speeding To Elude.pdf,220766,downloaded,https://www.nccourts.gov/assets/documents/forms/cr323b.pdf?VersionId=ywmOaAajf_sYvRRSoTClA6HBHZYD1lQP,https://www.nccourts.gov/documents/forms/officers-affidavit-for-seizure-and-impoundment-and-magistrates-order-felony-speeding-to-elude
AOC-CR-319,,Các Xác Nhận Của Tòa Án Về Việc Bắt Buộc Lấy Mẫu DNA,"15A-266.4,15A-266.6","May 1, 2013",AOC-CR-319 - Các Xác Nhận Của Tòa Án Về Việc Bắt Buộc Lấy Mẫu DNA.pdf,200141,downloaded,https://www.nccourts.gov/assets/documents/forms/cr319_1.pdf?VersionId=.Nujb3Dgt8lbSmZaIsOfQhs9sQyFatOc,https://www.nccourts.gov/documents/forms/judicial-findings-as-to-required-dna-sample
AOC-CR-640,,Prosecutor's Verification Of Basis For Expunction Of DNA Record And Destruction Of DNA Sample,15A-266.3A,"December 1, 2013",AOC-CR-640 - Prosecutor's Verification Of Basis For Expunction Of DNA Record And Destruction Of DNA Sample.pdf,882121,downloaded,https://www.nccourts.gov/assets/documents/forms/cr640_0.pdf?VersionId=g_ar1xSRkN2UxtZ.r.VxJVI92PYjNB5A,https://www.nccourts.gov/documents/forms/prosecutors-verification-of-basis-for-expunction-of-dna-record-and-destruction-of-dna-sample
AOC-CR-614,,Notice Of Aggravating Factors,15A-1340.16(a6),"December 1, 2017",AOC-CR-614 - Notice Of Aggravating Factors.pdf,231438,downloaded,https://www.nccourts.gov/assets/documents/forms/cr614_1.pdf?VersionId=WxxwZ2P5U37ju13lZXqs005BVBXMv6nL,https://www.nccourts.gov/documents/forms/notice-of-aggravating-factors
AOC-CR-617,,Firearm Prohibition Notice,,"December 1, 2007",AOC-CR-617 - Firearm Prohibition Notice.pdf,13209,downloaded,https://www.nccourts.gov/assets/documents/forms/cr617-en.pdf?VersionId=wkVKEcn3BxmEbTfLqLbQ8l8yabM0vPFW,https://www.nccourts.gov/documents/forms/firearm-prohibition-notice
AOC-CR-306,,"Đặc Quyền Lái Xe Có Giới Hạn - Chạy Xe Quá Tốc Độ (Các Bản Án Trong Quận), Ăn Cắp Nhiên Liệu Xe Cơ Giới, Không Nhường Đường, Chạ","14-72.5(c), 20-16(a)(9), 20-16(a)(10), 20-16(a)(10a), 20-16(e1),  20-16(e2), 20-16.1, 20-17(a)(16), 20-141.5(d), 20-154(a2), 20-157(i), 20-217(g1","October 1, 2016","AOC-CR-306 - Đặc Quyền Lái Xe Có Giới Hạn - Chạy Xe Quá Tốc Độ (Các Bản Án Trong Quận), Ăn Cắp Nhiên Liệu Xe Cơ Giới, Không Nhường Đư.pdf",292685,downloaded,https://www.nccourts.gov/assets/documents/forms/cr306_1.pdf?VersionId=LrKw0iv1E06Dujqyn03EHz1LtIl8QdRG,https://www.nccourts.gov/documents/forms/limited-driving-privilege-speeding-reckless-driving-aggressive-driving-larceny-of-motor-fuel-felony-speeding-to-elude-unsafe-movement-failure-to-move-over-or-passing-stopped-school-bus-in-state-convictions
AOC-CR-100,,TRÁT BẮT GIỮ,,"November 30, 2017",AOC-CR-100 - TRÁT BẮT GIỮ.pdf,545005,downloaded,https://www.nccourts.gov/assets/documents/forms/cr100_4.pdf?VersionId=VmztuuWwrncdndqn.Wonkq0BrvvHF8jl,https://www.nccourts.gov/documents/forms/warrant-for-arrest
AOC-CR-339,,Prosecutor's Dismissal And Explanation (Implied-Consent Offense Or Driving While License Revoked For An Impaired Driving License,20-138.4,"March 1, 2016",AOC-CR-339 - Prosecutor's Dismissal And Explanation (Implied-Consent Offense Or Driving While License Revoked For An Impaired Driving.pdf,224275,downloaded,https://www.nccourts.gov/assets/documents/forms/cr339.pdf?VersionId=EItRE4OF2AgJ4bhqwKxZaL2syWS.s3b0,https://www.nccourts.gov/documents/forms/prosecutors-dismissal-and-explanation-implied-consent-offense-or-driving-while-license-revoked-for-an-impaired-driving-license-revocation
AOC-CR-427,,Notice And Determination Of Counsel In First-Degree Murder (Or Undesignated Degree Of Murder) Cases At The Trial Level,"7A-451(c),7A-451(d),7A-452","June 1, 2011",AOC-CR-427 - Notice And Determination Of Counsel In First-Degree Murder (Or Undesignated Degree Of Murder) Cases At The Trial Level.pdf,252431,downloaded,https://www.nccourts.gov/assets/documents/forms/cr427.pdf?VersionId=WB4C7kUgNQlk6jw4MWRmGiG_vOIu1Nn0,https://www.nccourts.gov/documents/forms/notice-and-determination-of-counsel-in-first-degree-murder-or-undesignated-degree-of-murder-cases-at-the-trial-level
AOC-CR-426,,Non-Capital Criminal Or Non-Criminal Appeals Fee Application Order For Payment Judgment Against Indigent Or Parent/Guardian (App,"7A Art. 36,122C-268(d),122C-286(d)","November 1, 2014",AOC-CR-426 - Non-Capital Criminal Or Non-Criminal Appeals Fee Application Order For Payment Judgment Against Indigent Or ParentGuardi.pdf,541789,downloaded,https://www.nccourts.gov/assets/documents/forms/cr426%2010-29-2024%200849hrs.pdf?VersionId=FJucouzC7J7JWwZ9JPZC2AXivvXxxrkZ,https://www.nccourts.gov/documents/forms/non-capital-criminal-or-non-criminal-appeals-fee-application-order-for-payment-judgment-against-indigent-or-parentguardian-appellate-defender-cases
AOC-CR-260,,Notice Of Intent To Seek Classification Of Defendant As Sexually Violent Predator,14-208.20,"May 1, 2013",AOC-CR-260 - Notice Of Intent To Seek Classification Of Defendant As Sexually Violent Predator.pdf,624731,downloaded,https://www.nccourts.gov/assets/documents/forms/cr260.pdf?VersionId=pY7QEHhPq1ovcUmxiqZ.2D3u_7nyHcSU,https://www.nccourts.gov/documents/forms/notice-of-intent-to-seek-classification-of-defendant-as-sexually-violent-predator
AOC-CR-240,,Transfer Of Case From Superior Court To District Court,15A-1029.1,"December 1, 1996",AOC-CR-240 - Transfer Of Case From Superior Court To District Court.pdf,146072,downloaded,https://www.nccourts.gov/assets/documents/forms/cr240_0.pdf?VersionId=1KINfAG6UsqWkZEJHCNY5McNWDZVJqlW,https://www.nccourts.gov/documents/forms/transfer-of-case-from-superior-court-to-district-court
AOC-CR-236,,Transmittal Of Out-Of-County Process,,"April 1, 2001",AOC-CR-236 - Transmittal Of Out-Of-County Process.pdf,52835,downloaded,https://www.nccourts.gov/assets/documents/forms/cr236-en.pdf?VersionId=sGmnJnTtDR.Tf6Fx2ZXaiBvcgVnBgIRh,https://www.nccourts.gov/documents/forms/transmittal-of-out-of-county-process
AOC-CR-219,,"Show Cause Order, Findings And Judgment - Failure To Pay Fine And/Or Costs, To Obey Jury Summons, To Appear Pursuant To Criminal","15A-1364,9-13,5A-11,5A-21,15A-303(e)(3),5A-11,5A-11,15A-1344(e1)","September 19, 2017","AOC-CR-219 - Show Cause Order, Findings And Judgment - Failure To Pay Fine AndOr Costs, To Obey Jury Summons, To Appear Pursuant To C.pdf",357955,downloaded,https://www.nccourts.gov/assets/documents/forms/cr219_1.pdf?VersionId=MCBIgjq4Efvyxd5mzS3ehKplKwRM_wqi,https://www.nccourts.gov/documents/forms/show-cause-order-findings-and-judgment-failure-to-pay-fine-andor-costs-to-obey-jury-summons-to-appear-pursuant-to-criminal-summons-or-for-contempt
AOC-CR-218,,Petition And Order Disposing Of Firearm Upon Prosecutor's Petition; Petition And Order Disposing Of Deadly Weapon Upon Convictio,"15-11.1(b1), 14-269.1","July 12, 2016",AOC-CR-218 - Petition And Order Disposing Of Firearm Upon Prosecutor's Petition; Petition And Order Disposing Of Deadly Weapon Upon C.pdf,279658,downloaded,https://www.nccourts.gov/assets/documents/forms/cr218.pdf?VersionId=Br5BAGEHAYfjwSeagzN7FXrrk9Ij0Qpa,https://www.nccourts.gov/documents/forms/petition-and-order-disposing-of-firearm-upon-prosecutors-petition-petition-and-order-disposing-of-deadly-weapon-upon-conviction
AOC-CR-241,,Out-Of-County Process Verification Recall And Transmission (For Use When Process Electronically Transmitted To Out-Of-County Age,"15A-101.1,15A-401,15A-501","March 1, 2005",AOC-CR-241 - Out-Of-County Process Verification Recall And Transmission (For Use When Process Electronically Transmitted To Out-Of-Co.pdf,222738,downloaded,https://www.nccourts.gov/assets/documents/forms/cr241.pdf?VersionId=XvPqwsmEkJtGJ4tTAyeaL8DYBSrD24m1,https://www.nccourts.gov/documents/forms/out-of-county-process-verification-recall-and-transmission-for-use-when-process-electronically-transmitted-to-out-of-county-agency
AOC-CR-216,,Waiver/Certification Of Arraignment,15A-945,"February 1, 2001",AOC-CR-216 - WaiverCertification Of Arraignment.pdf,180905,downloaded,https://www.nccourts.gov/assets/documents/forms/cr216.pdf?VersionId=4ELb5q8cQ.ijnvYudZfFYGebsaqxy9Vr,https://www.nccourts.gov/documents/forms/waivercertification-of-arraignment
AOC-CR-215,,THÔNG BÁO CHẤP NHẬN CÁO TRẠNG CÓ ĐỦ CƠ SỞ,"15A-630, 15A-941(d)","October 1, 2004",AOC-CR-215 - THÔNG BÁO CHẤP NHẬN CÁO TRẠNG CÓ ĐỦ CƠ SỞ.pdf,599617,downloaded,https://www.nccourts.gov/assets/documents/forms/cr215_0.pdf?VersionId=DOT1hYbTs_XIqnHl3xkT_TL9.qNkMqFx,https://www.nccourts.gov/documents/forms/notice-of-return-of-bill-of-indictment
AOC-CR-211,,Detainer Containing Notice Of Rights,15A-711,"October 1, 2008",AOC-CR-211 - Detainer Containing Notice Of Rights.pdf,199652,downloaded,https://www.nccourts.gov/assets/documents/forms/cr211_0.pdf?VersionId=oDC0e1RBDSn64A5vQ_qpjxxXKnSO0Kr7,https://www.nccourts.gov/documents/forms/detainer-containing-notice-of-rights
AOC-CR-390,,Direct Criminal Contempt/Summary Proceedings/Findings And Order,"5A-11,5A-12,5A-13,5A-14","July 1, 2004",AOC-CR-390 - Direct Criminal ContemptSummary ProceedingsFindings And Order.pdf,227555,downloaded,https://www.nccourts.gov/assets/documents/forms/cr390_1.pdf?VersionId=HckfzWDOyVSpOkup2BFnLwh5PKFL9eAO,https://www.nccourts.gov/documents/forms/direct-criminal-contemptsummary-proceedingsfindings-and-order
AOC-CR-209,,List Of Prisoners Confined,"7A-109.1, 153A-229","September 1, 2003",AOC-CR-209 - List Of Prisoners Confined.pdf,194086,downloaded,https://www.nccourts.gov/assets/documents/forms/cr209-en.pdf?VersionId=l8jWNdldAcZpmBn76_JIOB9ktJCFlOHT,https://www.nccourts.gov/documents/forms/list-of-prisoners-confined
AOC-CR-207A,,KIẾN NGHỊ VÀ LỆNH  CHỈ ĐỊNH CHUYÊN VIÊN KIỂM TRA PHÁP Y  ĐƯỢC CHỨNG NHẬN CỦA ĐỊA PHƯƠNG (Dùng cho các tội vi phạm vào hoặc trước,15A-1002,"December 1, 2013",AOC-CR-207A - KIẾN NGHỊ VÀ LỆNH CHỈ ĐỊNH CHUYÊN VIÊN KIỂM TRA PHÁP Y ĐƯỢC CHỨNG NHẬN CỦA ĐỊA PHƯƠNG (Dùng cho các tội vi phạm vào hoặc.pdf,213468,downloaded,https://www.nccourts.gov/assets/documents/forms/cr207a.pdf?VersionId=c6dwclutlaoB.Z7Hw7w_vlpSI_snia.8,https://www.nccourts.gov/documents/forms/motion-and-order-appointing-local-certified-forensic-evaluator-for-offenses-committed-on-or-before-nov-30-2013
AOC-CR-205,,ORDEN DE IDENTIFICACIÓN NO TESTIMONIAL (SOSPECHOSO ADULTO),Ch. 15A Art. 14,"June 1, 1999",AOC-CR-205 - ORDEN DE IDENTIFICACIÓN NO TESTIMONIAL (SOSPECHOSO ADULTO).pdf,78133,downloaded,https://www.nccourts.gov/assets/documents/forms/cr205-en.pdf?VersionId=OWExpg_bs38bJ1SU9S87TS7ldYz1istm,https://www.nccourts.gov/documents/forms/nontestimonial-identification-order-adult-suspect
AOC-CR-238,,Appearance Bond For Release After Judgment In Superior Court,"15A-531, 15A-534, 15A-536, 15A-544.2","April 19, 2018",AOC-CR-238 - Appearance Bond For Release After Judgment In Superior Court.pdf,271036,downloaded,https://www.nccourts.gov/assets/documents/forms/cr238_0.pdf?VersionId=mlauD.9mn6I_Z8TJE7.xUE9kl8ZAahcU,https://www.nccourts.gov/documents/forms/appearance-bond-for-release-after-judgment-in-superior-court
AOC-CR-232,,Order For Presentence Commitment For Study,"14-208.20(b), 15A-1332","July 1, 2000",AOC-CR-232 - Order For Presentence Commitment For Study.pdf,203914,downloaded,https://www.nccourts.gov/assets/documents/forms/cr232_0.pdf?VersionId=xTHViq_p.gbzjCmLsdDyZlDHbujvc544,https://www.nccourts.gov/documents/forms/order-for-presentence-commitment-for-study
AOC-CR-235,,In-State And Out-Of-State Witness Attendance Certificate And Order To Pay Out-Of-State Witness,7A-314,"March 1, 2015",AOC-CR-235 - In-State And Out-Of-State Witness Attendance Certificate And Order To Pay Out-Of-State Witness.pdf,236565,downloaded,https://www.nccourts.gov/assets/documents/forms/cr235_3.pdf?VersionId=HJZBwSAHZcoR2teSd0dFiZzMyK7wZ0cS,https://www.nccourts.gov/documents/forms/in-state-and-out-of-state-witness-attendance-certificate-and-order-to-pay-out-of-state-witness
AOC-CR-156,,Indictment (Related Misdemeanor),,"January 1, 2013",AOC-CR-156 - Indictment (Related Misdemeanor).pdf,221146,downloaded,https://www.nccourts.gov/assets/documents/forms/cr156.pdf?VersionId=mdRFDzAe2OZsY3mOUPn8NB_n5bUkhSem,https://www.nccourts.gov/documents/forms/indictment-related-misdemeanor
AOC-CR-428,,Notice And Determination Of Counsel In Capital Cases At The Post-Conviction Level,"7A-451(c),7A-451(d),7A-452","December 1, 2009",AOC-CR-428 - Notice And Determination Of Counsel In Capital Cases At The Post-Conviction Level.pdf,128585,downloaded,https://www.nccourts.gov/assets/documents/forms/cr428.pdf?VersionId=kSxR2DDMRT3pnO6wVhpSw8ASbaqbNsbs,https://www.nccourts.gov/documents/forms/notice-and-determination-of-counsel-in-capital-cases-at-the-post-conviction-level
AOC-CR-924A,,Application And Order For Release Of Seized Motor Vehicle Declared A Total Loss - Impaired Driving,20-28.3(h),"December 1, 2013",AOC-CR-924A - Application And Order For Release Of Seized Motor Vehicle Declared A Total Loss - Impaired Driving.pdf,141059,downloaded,https://www.nccourts.gov/assets/documents/forms/cr924a.pdf?VersionId=AXVY1IkdBX0p2m9mY6ZOxJHLUSTBb9UA,https://www.nccourts.gov/documents/forms/application-and-order-for-release-of-seized-motor-vehicle-declared-a-total-loss-impaired-driving
AOC-CR-201A,,Thêm Người Báo Lãnh Thế Chân Không Lấy Phí,,"April 19, 2018",AOC-CR-201A - Thêm Người Báo Lãnh Thế Chân Không Lấy Phí.pdf,511582,downloaded,https://www.nccourts.gov/assets/documents/forms/cr201a_0.pdf?VersionId=o2ueHzWCiG9bRkg5DdGa3GZj5jtoCzb.,https://www.nccourts.gov/documents/forms/appearance-bond-for-pretrial-release-additional-accommodation-bondsmen-and-additional-file-numbers-and-offenses
AOC-CR-155,,TRÁT KHÁM XÉT MÁU HAY NƯTIỂU CỦA NGƯỜI LÁI ỚC XE TRONG TÌNH TRẠNG KHÔNG TỈNH TÁO,,"April 5, 2016",AOC-CR-155 - TRÁT KHÁM XÉT MÁU HAY NƯTIỂU CỦA NGƯỜI LÁI ỚC XE TRONG TÌNH TRẠNG KHÔNG TỈNH TÁO.pdf,208815,downloaded,https://www.nccourts.gov/assets/documents/forms/cr155.pdf?VersionId=CQ03dMdv3VLJa7oU9Ob8is1zR.EiCmIh,https://www.nccourts.gov/documents/forms/search-warrant-for-blood-or-urine-in-dwi-cases
AOC-CR-331A,,Bond To Secure Temporary Pretrial Release Of Motor Vehicle - Impaired Driving,20-28.3(e),"December 1, 2013",AOC-CR-331A - Bond To Secure Temporary Pretrial Release Of Motor Vehicle - Impaired Driving.pdf,193309,downloaded,https://www.nccourts.gov/assets/documents/forms/cr331a.pdf?VersionId=lU7c2j_ge2WgPM1QxTU3V08mhlCFQ3HJ,https://www.nccourts.gov/documents/forms/bond-to-secure-temporary-pretrial-release-of-motor-vehicle-impaired-driving
AOC-CR-330A,,SOLICITUD DE ENTREGA AL DUEÑO  DE VEHÍCULO MOTORIZADO QUE NO ES ACUSADO RECONOCIMIENTO - MANEJAR BAJO LOS EFECTOS DEL ALCOHOL O,"20-28.2(e),20-28.3(e),20-28.3(e1)","December 1, 2013",AOC-CR-330A - SOLICITUD DE ENTREGA AL DUEÑO DE VEHÍCULO MOTORIZADO QUE NO ES ACUSADO RECONOCIMIENTO - MANEJAR BAJO LOS EFECTOS DEL ALC.pdf,161312,downloaded,https://www.nccourts.gov/assets/documents/forms/cr330a.pdf?VersionId=i0bSGEpXfoBB8eSWMX7iIL7gV3Nd8KgU,https://www.nccourts.gov/documents/forms/non-defendant-owners-petitionapplication-for-release-of-seized-motor-vehicle-acknowledgment-impaired-driving
AOC-CR-323A,,Officer's Affidavit For Seizure And Impoundment And Magistrate's Order - Impaired Driving,20-28.3,"March 1, 2017",AOC-CR-323A - Officer's Affidavit For Seizure And Impoundment And Magistrate's Order - Impaired Driving.pdf,258964,downloaded,https://www.nccourts.gov/assets/documents/forms/cr323a.pdf?VersionId=AxfkX.x5HqssvsvnE9qz796U1OhvpgJ9,https://www.nccourts.gov/documents/forms/officers-affidavit-for-seizure-and-impoundment-and-magistrates-order-impaired-driving
AOC-CR-223,,Application And Writ Of Habeas Corpus Ad Prosequendum,15-10.3,"June 1, 2012",AOC-CR-223 - Application And Writ Of Habeas Corpus Ad Prosequendum.pdf,208369,downloaded,https://www.nccourts.gov/assets/documents/forms/cr223_1.pdf?VersionId=CQguxYIGe.wjmWeYWKXMH2YyZ58LUbSY,https://www.nccourts.gov/documents/forms/application-and-writ-of-habeas-corpus-ad-prosequendum
AOC-CR-221,,Order For Hearing On Motion For Appropriate Relief,15A-1411,"July 1, 2000",AOC-CR-221 - Order For Hearing On Motion For Appropriate Relief.pdf,856976,downloaded,https://www.nccourts.gov/assets/documents/forms/cr221_0.pdf?VersionId=oDq7ca.HmUuShYR_oSbysCwjlUg7.mmz,https://www.nccourts.gov/documents/forms/order-for-hearing-on-motion-for-appropriate-relief
AOC-CR-214,,Surrender Of Defendant By Surety,"15A-534, 15A-540, 58-71-20","April 30, 2014",AOC-CR-214 - Surrender Of Defendant By Surety.pdf,167067,downloaded,https://www.nccourts.gov/assets/documents/forms/cr214_2.pdf?VersionId=MiAyOLwlxIyVpxU4.PWIt3naykLRUdr5,https://www.nccourts.gov/documents/forms/surrender-of-defendant-by-surety
AOC-CR-212,,Motion And Order For Joinder,15A-926,"September 1, 2001",AOC-CR-212 - Motion And Order For Joinder.pdf,239068,downloaded,https://www.nccourts.gov/assets/documents/forms/cr212.pdf?VersionId=LNr6LiR_qZyxuWnovc0q1zEjtAjQz1_p,https://www.nccourts.gov/documents/forms/motion-and-order-for-joinder
AOC-CR-204,,Application For Nontestimonial Identification Order (Adult Suspect),Ch. 15A Art. 14,"June 1, 1999",AOC-CR-204 - Application For Nontestimonial Identification Order (Adult Suspect).pdf,37223,downloaded,https://www.nccourts.gov/assets/documents/forms/cr204-en.pdf?VersionId=8QIuRWxhK1VJ_LdawTuJZe73pYcvgFrX,https://www.nccourts.gov/documents/forms/application-for-nontestimonial-identification-order-adult-suspect
AOC-CR-154,,Indictment Impaired Driving Pursuant To G.S. 20-138.5,20-138.5,"January 1, 2013",AOC-CR-154 - Indictment Impaired Driving Pursuant To G.S. 20-138.5.pdf,247925,downloaded,https://www.nccourts.gov/assets/documents/forms/cr154.pdf?VersionId=Mo1BdwE3Rfadlx2LQaWElMYcOZx_GfvW,https://www.nccourts.gov/documents/forms/indictment-impaired-driving-pursuant-to-gs-20-1385
AOC-CR-152,,Indictment Financial Transaction Card Theft (2612) / Financial Transaction Card Fraud (2616),"14-113.9(a)(1), 14-113.13(a)(1)","January 1, 2013",AOC-CR-152 - Indictment Financial Transaction Card Theft (2612)  Financial Transaction Card Fraud (2616).pdf,276537,downloaded,https://www.nccourts.gov/assets/documents/forms/cr152.pdf?VersionId=J1feRRI5g8pp0yzsd6qCvVLe5TmCjECa,https://www.nccourts.gov/documents/forms/indictment-financial-transaction-card-theft-2612-financial-transaction-card-fraud-2616
AOC-CR-151,,"Indictment Possession With Intent To Manufacture, Sell, And Deliver / Sale And Delivery / Manufacture",90-95(a)(1),"January 1, 2013","AOC-CR-151 - Indictment Possession With Intent To Manufacture, Sell, And Deliver  Sale And Delivery  Manufacture.pdf",235906,downloaded,https://www.nccourts.gov/assets/documents/forms/cr151.pdf?VersionId=I.ii6RnaY4_maf5ErlWVk1YBVxgxOGhu,https://www.nccourts.gov/documents/forms/indictment-possession-with-intent-to-manufacture-sell-and-deliver-sale-and-delivery-manufacture
AOC-CR-150,,Indictment Indecent Liberties With Child (1118),14-202.1,"January 1, 2013",AOC-CR-150 - Indictment Indecent Liberties With Child (1118).pdf,195687,downloaded,https://www.nccourts.gov/assets/documents/forms/cr150.pdf?VersionId=T9Lf5ysX1gxPUtdUDNfuGD8lkCwBCIXb,https://www.nccourts.gov/documents/forms/indictment-indecent-liberties-with-child-1118
AOC-CR-149,,Indictment First Degree Statutory Sexual Offense (Female Or Male Child Under 13) (1111),"14-27.29, 15-144.2(b)","January 19, 2016",AOC-CR-149 - Indictment First Degree Statutory Sexual Offense (Female Or Male Child Under 13) (1111).pdf,195055,downloaded,https://www.nccourts.gov/assets/documents/forms/cr149.pdf?VersionId=tPjaPSlZYBmrpQbKAIfc4OemXTbAJvDk,https://www.nccourts.gov/documents/forms/indictment-first-degree-statutory-sexual-offense-female-or-male-child-under-13-1111
AOC-CR-148,,Indictment First Degree Statutory Rape (Female Child Under 13) (1110),"14-27.24, 15-144.1(b)","January 19, 2016",AOC-CR-148 - Indictment First Degree Statutory Rape (Female Child Under 13) (1110).pdf,187645,downloaded,https://www.nccourts.gov/assets/documents/forms/cr148.pdf?VersionId=3xAUdUXYVnPhvV0eptJTW0D_BAbmxU.W,https://www.nccourts.gov/documents/forms/indictment-first-degree-statutory-rape-female-child-under-13-1110
AOC-CR-138,,Indictment Felonious Larceny (2321) / Felonious Possession Of Stolen Goods (2341),"14-72(a), 14-71.1","January 1, 2013",AOC-CR-138 - Indictment Felonious Larceny (2321)  Felonious Possession Of Stolen Goods (2341).pdf,218259,downloaded,https://www.nccourts.gov/assets/documents/forms/cr138.pdf?VersionId=K7Y4_7yGPALtvwDh3C6lNSAKSzifPtiE,https://www.nccourts.gov/documents/forms/indictment-felonious-larceny-2321-felonious-possession-of-stolen-goods-2341
AOC-CR-137,,Indictment Obtaining Property By False Pretenses (2632),14-100,"January 1, 2013",AOC-CR-137 - Indictment Obtaining Property By False Pretenses (2632).pdf,187588,downloaded,https://www.nccourts.gov/assets/documents/forms/cr137.pdf?VersionId=UfLLw_3Sug4nldvqvg2r4_Jtz6NXzWrU,https://www.nccourts.gov/documents/forms/indictment-obtaining-property-by-false-pretenses-2632
AOC-CR-136,,Indictment Common Law Robbery (1220),14-87.1,"January 1, 2013",AOC-CR-136 - Indictment Common Law Robbery (1220).pdf,190856,downloaded,https://www.nccourts.gov/assets/documents/forms/cr136.pdf?VersionId=qtEz3.3wGuGJMZDec0dfV75_BiA.Xvaw,https://www.nccourts.gov/documents/forms/indictment-common-law-robbery-1220
AOC-CR-135,,Indictment Robbery With Dangerous Weapon (1222),14-87,"January 1, 2013",AOC-CR-135 - Indictment Robbery With Dangerous Weapon (1222).pdf,182741,downloaded,https://www.nccourts.gov/assets/documents/forms/cr135.pdf?VersionId=F6._.RxpCjGZxwonpGG_IwIomKFqNEM4,https://www.nccourts.gov/documents/forms/indictment-robbery-with-dangerous-weapon-1222
AOC-CR-134,,Indictment Felonious Breaking And Entering (2212) / Felonious Larceny (2356) / Felonious Possession Of Stolen Goods (2341),"14-54(a), 14-72(b)(2), 14-72(c)","April 5, 2016",AOC-CR-134 - Indictment Felonious Breaking And Entering (2212)  Felonious Larceny (2356)  Felonious Possession Of Stolen Goods (2341).pdf,251077,downloaded,https://www.nccourts.gov/assets/documents/forms/cr134.pdf?VersionId=0t0l_eLkRDCTFKFDfIY3oj3.4eBj2L.O,https://www.nccourts.gov/documents/forms/indictment-felonious-breaking-and-entering-2212-felonious-larceny-2356-felonious-possession-of-stolen-goods-2341
AOC-CR-133,,Indictment Forgery (2520) / Uttering Forged Paper (2524),"14-119, 14-120","January 1, 2013",AOC-CR-133 - Indictment Forgery (2520)  Uttering Forged Paper (2524).pdf,240536,downloaded,https://www.nccourts.gov/assets/documents/forms/cr133.pdf?VersionId=XuMICCoJ7wt6Kiqw_OECWBXQQCCKh_1c,https://www.nccourts.gov/documents/forms/indictment-forgery-2520-uttering-forged-paper-2524
AOC-CR-132,,Indictment Felony Escape From Confines Of State Prison Unit (4914),148-45(b)(1),"January 1, 2013",AOC-CR-132 - Indictment Felony Escape From Confines Of State Prison Unit (4914).pdf,201568,downloaded,https://www.nccourts.gov/assets/documents/forms/cr132_1.pdf?VersionId=3stsMT2zl5m6RJb45LAjkBOawT1ywRVq,https://www.nccourts.gov/documents/forms/indictment-felony-escape-from-confines-of-state-prison-unit-4914
AOC-CR-131,,Indictment Felony Escape From State Prison System By Failing To Return After Authorized Absence (4914),"148-45(b)(1), 148-45(g)(1)","January 1, 2013",AOC-CR-131 - Indictment Felony Escape From State Prison System By Failing To Return After Authorized Absence (4914).pdf,203781,downloaded,https://www.nccourts.gov/assets/documents/forms/cr131_1.pdf?VersionId=loHzvJcTtcnG4IG3EAWN2rfLfMpeOwWU,https://www.nccourts.gov/documents/forms/indictment-felony-escape-from-state-prison-system-by-failing-to-return-after-authorized-absence-4914
AOC-CR-130,,"Indictment Embezzlement (2718, 2719)",14-90,"January 1, 2013","AOC-CR-130 - Indictment Embezzlement (2718, 2719).pdf",199488,downloaded,https://www.nccourts.gov/assets/documents/forms/cr130.pdf?VersionId=dG6PrBQxqA5Di5UmsTFUCBuqdULVm8Mf,https://www.nccourts.gov/documents/forms/indictment-embezzlement-2718-2719
AOC-CR-129,,Indictment Assault With Deadly Weapon With Intent To Kill Inflicting Serious Injury (1348),14-32(a),"January 1, 2013",AOC-CR-129 - Indictment Assault With Deadly Weapon With Intent To Kill Inflicting Serious Injury (1348).pdf,195453,downloaded,https://www.nccourts.gov/assets/documents/forms/cr129.pdf?VersionId=WuKWYQ94B21sH0wSEPc8LWbUqAbzwbXb,https://www.nccourts.gov/documents/forms/indictment-assault-with-deadly-weapon-with-intent-to-kill-inflicting-serious-injury-1348
AOC-CR-128,,Indictment Forcible Sexual Offense (Female Or Male Victim) First Degree (1131) / Second Degree (1106),"14-27.26, 14-27.27, 15-144.2(a)","January 19, 2016",AOC-CR-128 - Indictment Forcible Sexual Offense (Female Or Male Victim) First Degree (1131)  Second Degree (1106).pdf,201920,downloaded,https://www.nccourts.gov/assets/documents/forms/cr128_0.pdf?VersionId=oLNYUaierui7z1dqPURB5eE5.t1nKd5D,https://www.nccourts.gov/documents/forms/indictment-forcible-sexual-offense-female-or-male-victim-first-degree-1131-second-degree-1106
AOC-CR-127,,Indictment Manslaughter Voluntary (0920) / Involuntary (0922),"14-18, 15-144","January 1, 2013",AOC-CR-127 - Indictment Manslaughter Voluntary (0920)  Involuntary (0922).pdf,194135,downloaded,https://www.nccourts.gov/assets/documents/forms/cr127.pdf?VersionId=GrOzIicqjw9YK9svwEIjU3WGOBaFBHmE,https://www.nccourts.gov/documents/forms/indictment-manslaughter-voluntary-0920-involuntary-0922
AOC-CR-126,,Indictment First Degree Burglary (2226) / Felonious Larceny (2356) / Felonious Possession Of Stolen Goods (2341),"14-51, 14-72(b), 14-72(c)","January 1, 2013",AOC-CR-126 - Indictment First Degree Burglary (2226)  Felonious Larceny (2356)  Felonious Possession Of Stolen Goods (2341).pdf,213820,downloaded,https://www.nccourts.gov/assets/documents/forms/cr126.pdf?VersionId=dtV9WYuNjOR6ZDab4j1kFnGdDeZPZ9LQ,https://www.nccourts.gov/documents/forms/indictment-first-degree-burglary-2226-felonious-larceny-2356-felonious-possession-of-stolen-goods-2341
AOC-CR-125,,Indictment Forcible Rape (Female Victim) First Degree (1104) / Second Degree (1105),"14-27.21, 14-27.22, 15-144.1(a)","January 19, 2016",AOC-CR-125 - Indictment Forcible Rape (Female Victim) First Degree (1104)  Second Degree (1105).pdf,199906,downloaded,https://www.nccourts.gov/assets/documents/forms/cr125_0.pdf?VersionId=irFDIiLFn6QujXB0n7w7GkoDyXxdX.ia,https://www.nccourts.gov/documents/forms/indictment-forcible-rape-female-victim-first-degree-1104-second-degree-1105
AOC-CR-124,,Indictment Murder First Degree / Second Degree,"14-17, 15-144","May 19, 2015",AOC-CR-124 - Indictment Murder First Degree  Second Degree.pdf,175046,downloaded,https://www.nccourts.gov/assets/documents/forms/cr124_0.pdf?VersionId=SmwROgfFdFv16AQtZo1OmDmvhJkWWiml,https://www.nccourts.gov/documents/forms/indictment-murder-first-degree-second-degree
AOC-CR-122,,BẢN CÁO TRẠNG  CỦA ĐẠI BỒI THẨM ĐOÀN,,"January 1, 2013",AOC-CR-122 - BẢN CÁO TRẠNG CỦA ĐẠI BỒI THẨM ĐOÀN.pdf,209566,downloaded,https://www.nccourts.gov/assets/documents/forms/cr122_0.pdf?VersionId=N2hukzCAEGbcl3zLSlnGNA1LY0pINEdt,https://www.nccourts.gov/documents/forms/indictment
AOC-CR-701,,Order On Request For Waiver Of Payment Of Mediation Fee,7A-38.3D; 7A-38.5; 7A-38.7,"April 19, 2018",AOC-CR-701 - Order On Request For Waiver Of Payment Of Mediation Fee.pdf,142675,downloaded,https://www.nccourts.gov/assets/documents/forms/cr701.pdf?VersionId=5GsvDW4Dn7hc4rdzG8FWi_lsQlW3kcEd,https://www.nccourts.gov/documents/forms/order-on-request-for-waiver-of-payment-of-mediation-fee
AOC-CR-645,,Optional Form For Criminal Judgment (District Court),,"April 19, 2018",AOC-CR-645 - Optional Form For Criminal Judgment (District Court).pdf,418347,downloaded,https://www.nccourts.gov/assets/documents/forms/cr645_1.pdf?VersionId=3UGie4eJeeK227Mmo7eA7MavWecOQxuo,https://www.nccourts.gov/documents/forms/optional-form-for-criminal-judgment-district-court
AOC-CR-430,,Notification By Clerk For Defendant Previously Found Incapable To Proceed,15A-1002 to -1008; Chapter 122C,"April 19, 2018",AOC-CR-430 - Notification By Clerk For Defendant Previously Found Incapable To Proceed.pdf,164520,downloaded,https://www.nccourts.gov/assets/documents/forms/cr430-en.pdf?VersionId=.xi78u.uA5ZO9xrujGhwmaduCQoFKIA6,https://www.nccourts.gov/documents/forms/notification-by-clerk-for-defendant-previously-found-incapable-to-proceed
AOC-CR-288,,Hướng Dẫn Nộp Đơn Xin Và Án Lệnh Xóa Hồ Sơ Tiền Án Chiếu Theo G.S. 15A-146(a2)    (Dành Cho Người Không Có Tội/Không Có Trách Nh,"15A-146, 15A-150","July 24, 2018",AOC-CR-288 - Hướng Dẫn Nộp Đơn Xin Và Án Lệnh Xóa Hồ Sơ Tiền Án Chiếu Theo G.S. 15A-146(a2) (Dành Cho Người Không Có TộiKhông Có Trác.pdf,243887,downloaded,https://www.nccourts.gov/assets/documents/forms/cr288_3.pdf?VersionId=MyH_qFDHjBm2Mj2OAiDYxnogLNQsprjv,https://www.nccourts.gov/documents/forms/petition-and-order-of-expunction-under-gs-15a-146a2-not-guilty-or-not-responsible-instructions-for-petition-and-order-of-expunction-under-gs-15a-146a2-not-guilty-or-not-responsible
AOC-CR-287,,Hướng Dẫn Nộp Đơn Xin Và Án Lệnh Xóa Hồ Sơ Tiền Án Chiếu Theo G.S. 15A-146(a) Và G.S. 15A-146(a1)  (Dành Cho Người Được Hủy Bỏ (,"15A-146, 15A-150","April 6, 2018",AOC-CR-287 - Hướng Dẫn Nộp Đơn Xin Và Án Lệnh Xóa Hồ Sơ Tiền Án Chiếu Theo G.S. 15A-146(a) Và G.S. 15A-146(a1) (Dành Cho Người Được H.pdf,257828,downloaded,https://www.nccourts.gov/assets/documents/forms/cr287_5.pdf?VersionId=i8vcDwdQdPLKFLV9zLnYz8xmj2zMLajv,https://www.nccourts.gov/documents/forms/petition-and-order-of-expunction-under-gs-15a-146a-or-gs-15a-146a1-charges-dismissed-instructions-for-petition-and-order-of-expunction-under-gs-15a-146a-or-gs-15a-146a1-charges-dismissed
AOC-CR-286,,Hướng Dẫn Nộp Đơn Xin Và Án Lệnh Xóa Hồ Sơ Tiền Án Chiếu Theo G.S. 15A-145(a) (Dành Cho Người Phạm Tội Tiểu Hình Không Liên Quan,"15A-145(a), 15A-150","July 24, 2018",AOC-CR-286 - Hướng Dẫn Nộp Đơn Xin Và Án Lệnh Xóa Hồ Sơ Tiền Án Chiếu Theo G.S. 15A-145(a) (Dành Cho Người Phạm Tội Tiểu Hình Không L.pdf,266422,downloaded,https://www.nccourts.gov/assets/documents/forms/cr286_5.pdf?VersionId=wybbJGM4yM1ydru3lEiLauLgfDPzkTHh,https://www.nccourts.gov/documents/forms/petition-and-order-of-expunction-under-gs-15a-145a-non-traffic-misdemeanor-under-age-18-or-misdemeanor-possession-of-alcohol-under-age-21-instructions-for-petition-and-order-of-expunction-under-gs-15a-145a-non-traffic-misdemeanor-under
AOC-CR-285,,Phụ Bản Kèm Theo Đơn Xin Xóa Hồ Sơ Tiền Án: Các Cơ Quan Khác/Các Số Hồ Sơ Và Vi Phạm Khác,,"April 6, 2018",AOC-CR-285 - Phụ Bản Kèm Theo Đơn Xin Xóa Hồ Sơ Tiền Án Các Cơ Quan KhácCác Số Hồ Sơ Và Vi Phạm Khác.pdf,135792,downloaded,https://www.nccourts.gov/assets/documents/forms/cr285_0.pdf?VersionId=17i.b5NnjW8ncS2I0Km.f_drSLH5yB4p,https://www.nccourts.gov/documents/forms/expunction-petition-attachment-additional-agenciesadditional-file-nos-and-offenses
AOC-CR-220,,Thông Báo Phiên Tòa Về Việc Vi Phạm Lệnh Quản Chế Không Có Giám Sát,"15A-1345, 143B-708","May 1, 2013",AOC-CR-220 - Thông Báo Phiên Tòa Về Việc Vi Phạm Lệnh Quản Chế Không Có Giám Sát.pdf,915580,downloaded,https://www.nccourts.gov/assets/documents/forms/cr220_2.pdf?VersionId=n5HVmNF_lHAnwYLATS1O8ZuoH2cjtLm6,https://www.nccourts.gov/documents/forms/notice-of-hearing-on-violation-of-unsupervised-probation
AOC-CR-635,,"Disposition/Modification Of Conditional Discharge (For All Dispositions/Modifications On Or After Dec. 1, 2017)","14-50.29, 14-277.8, 14-458.1, 14-458.2, 15A-1341, 90-96, 90-113.14","November 30, 2017","AOC-CR-635 - DispositionModification Of Conditional Discharge (For All DispositionsModifications On Or After Dec. 1, 2017).pdf",528634,downloaded,https://www.nccourts.gov/assets/documents/forms/cr635_2.pdf?VersionId=sabEM28yyG1B.W8QKVxCVM5ukT0lyRJ9,https://www.nccourts.gov/documents/forms/dispositionmodification-of-conditional-discharge-for-all-dispositionsmodifications-on-or-after-dec-1-2017
AOC-CR-634,,"Disposition/Modification Of Deferred Prosecution (For All Dispositions/Modifications On Or After Dec. 1, 2017)",15A-1341,"November 30, 2017","AOC-CR-634 - DispositionModification Of Deferred Prosecution (For All DispositionsModifications On Or After Dec. 1, 2017).pdf",513920,downloaded,https://www.nccourts.gov/assets/documents/forms/cr634_1.pdf?VersionId=ipyy3aeHkFliRJ6Z8sXThqDohTfAQTiE,https://www.nccourts.gov/documents/forms/dispositionmodification-of-deferred-prosecution-for-all-dispositionsmodifications-on-or-after-dec-1-2017
AOC-CR-284,,Petition And Order Of Expunction Under G.S. 15A-148 (DNA Records Appellate Dismissal Or Pardon),15A-148,"November 30, 2017",AOC-CR-284 - Petition And Order Of Expunction Under G.S. 15A-148 (DNA Records Appellate Dismissal Or Pardon).pdf,176979,downloaded,https://www.nccourts.gov/assets/documents/forms/cr284_0.pdf?VersionId=S6DlmWmo_CALO8LRex.iWGtxYVsWt6k6,https://www.nccourts.gov/documents/forms/petition-and-order-of-expunction-under-gs-15a-148-dna-records-appellate-dismissal-or-pardon
AOC-CR-158A,,Affidavit Continuation,,"November 30, 2017",AOC-CR-158A - Affidavit Continuation.pdf,140676,downloaded,https://www.nccourts.gov/assets/documents/forms/cr158a.pdf?VersionId=KG642XfXwYlGumlTdrPEWHI0bcuZnoVa,https://www.nccourts.gov/documents/forms/affidavit-continuation
AOC-CR-158,,Affidavit,,"November 30, 2017",AOC-CR-158 - Affidavit.pdf,187024,downloaded,https://www.nccourts.gov/assets/documents/forms/cr158.pdf?VersionId=pg2n5.sTG_eIbbE_9vjFODDDKwDF3WHW,https://www.nccourts.gov/documents/forms/affidavit
AOC-CR-107,,Trát Bắt Giữ Tội Phạm Tiểu Hình Đưa Chi Phiếu Không Tiền Bảo Chứng,14-107,"November 30, 2017",AOC-CR-107 - Trát Bắt Giữ Tội Phạm Tiểu Hình Đưa Chi Phiếu Không Tiền Bảo Chứng.pdf,485472,downloaded,https://www.nccourts.gov/assets/documents/forms/cr107_4.pdf?VersionId=vZowMtZ5hkvs0GETPn7Fsc07Lw8_ET.X,https://www.nccourts.gov/documents/forms/warrant-for-arrest-misdemeanor-worthless-check
AOC-CR-119,,Trát Khám Xét,15A-245(b),"April 13, 2017",AOC-CR-119 - Trát Khám Xét.pdf,177804,downloaded,https://www.nccourts.gov/assets/documents/forms/cr119_0.pdf?VersionId=nZojHtq2hPUVL5Ywn1RL008u8Kznqz9v,https://www.nccourts.gov/documents/forms/search-warrant
AOC-CR-395,,Non-Appellate Order For Transcript Of Criminal Proceeding,,"April 13, 2017",AOC-CR-395 - Non-Appellate Order For Transcript Of Criminal Proceeding.pdf,146902,downloaded,https://www.nccourts.gov/assets/documents/forms/cr395.pdf?VersionId=M9FtBm1H0u0bO3eShWzHb8Fr3GHxiiTQ,https://www.nccourts.gov/documents/forms/non-appellate-order-for-transcript-of-criminal-proceeding
AOC-CR-628D,,Lệnh Xóa Bản Án Có Điều Kiện Theo G.S. 14-204(b) (Dùng Cho Các Tội Vi Phạm Vào Hoặc Sau Ngày 1 Tháng Mười Hai Năm 2016),14-204(b),"December 1, 2016",AOC-CR-628D - Lệnh Xóa Bản Án Có Điều Kiện Theo G.S. 14-204(b) (Dùng Cho Các Tội Vi Phạm Vào Hoặc Sau Ngày 1 Tháng Mười Hai Năm 2016).pdf,536705,downloaded,https://www.nccourts.gov/assets/documents/forms/cr628d_2.pdf?VersionId=f7kegAbGlh86_5rspHfvRml3bAJBUAhB,https://www.nccourts.gov/documents/forms/conditional-discharge-under-gs-14-204b-for-offenses-committed-dec-1-2016-nov-30-2023
AOC-CR-628C,,Lệnh Xóa Bản Án Có Điều Kiện Theo G.S. 14-204(b) (Dùng Cho Các Tội Vi Phạm Trong Khoảng Từ Ngày 1 Tháng Mười Năm 2013 Đến Ngày 3,14-204(b),"December 1, 2016",AOC-CR-628C - Lệnh Xóa Bản Án Có Điều Kiện Theo G.S. 14-204(b) (Dùng Cho Các Tội Vi Phạm Trong Khoảng Từ Ngày 1 Tháng Mười Năm 2013 Đế.pdf,636253,downloaded,https://www.nccourts.gov/assets/documents/forms/cr628c_0.pdf?VersionId=NL.gQsbK86fQL5IWwMBInoLWBejflpBm,https://www.nccourts.gov/documents/forms/conditional-discharge-under-gs-14-204b-for-offenses-committed-oct-1-2013-nov-30-2016
AOC-CR-633D,,Lệnh Xóa Bỏ Bản Án Có Điều Kiện Chiếu Theo G.S. 15A-1341(a5) (Dùng Cho Các Tội Vi Phạm Vào Hoặc Sau Ngày 1 Tháng Mười Hai Năm 20,15A-1341(a5),"December 1, 2016",AOC-CR-633D - Lệnh Xóa Bỏ Bản Án Có Điều Kiện Chiếu Theo G.S. 15A-1341(a5) (Dùng Cho Các Tội Vi Phạm Vào Hoặc Sau Ngày 1 Tháng Mười Ha.pdf,545823,downloaded,https://www.nccourts.gov/assets/documents/forms/cr633d_2.pdf?VersionId=un1eG0YWHdjO6_qjYrzVC3mTXAUNK2Ek,https://www.nccourts.gov/documents/forms/conditional-discharge-under-gs-15a-1341a5-for-offenses-committed-dec-1-2016-nov-30-2023
AOC-CR-632D,,Lệnh Xóa Bỏ Bản Án Có Điều Kiện Chiếu Theo G.S. 15A-1341(a4) (Dùng Cho Các Tội Vi Phạm Vào Hoặc Sau Ngày 1 Tháng Mười Hai Năm 20,15A-1341(a4),"December 1, 2016",AOC-CR-632D - Lệnh Xóa Bỏ Bản Án Có Điều Kiện Chiếu Theo G.S. 15A-1341(a4) (Dùng Cho Các Tội Vi Phạm Vào Hoặc Sau Ngày 1 Tháng Mười Ha.pdf,565784,downloaded,https://www.nccourts.gov/assets/documents/forms/cr632d_2.pdf?VersionId=Lm8uP0vVWjCPk5PZlXJY.5RDtVCfJxjo,https://www.nccourts.gov/documents/forms/conditional-discharge-under-gs-15a-1341a4-for-offenses-committed-dec-1-2016-nov-30-2023
AOC-CR-627D,,Lệnh Xóa Bản Án Có Điều Kiện Theo G.S. 90-96(a1) (Dùng Cho Các Tội Vi Phạm Vào Hoặc Sau Ngày 1 Tháng Mười Hai Năm 2016),90-96(a1),"July 1, 2017",AOC-CR-627D - Lệnh Xóa Bản Án Có Điều Kiện Theo G.S. 90-96(a1) (Dùng Cho Các Tội Vi Phạm Vào Hoặc Sau Ngày 1 Tháng Mười Hai Năm 2016).pdf,590270,downloaded,https://www.nccourts.gov/assets/documents/forms/cr627d_2.pdf?VersionId=Y1E3MQozpiZmqgeIkwufU4L3IlekPyRq,https://www.nccourts.gov/documents/forms/conditional-discharge-under-gs-90-96a1-for-offenses-committed-dec-1-2016-nov-30-2023
AOC-CR-621D,,Lệnh Xóa Bản Án Có Điều Kiện Theo G.S. 14-50.29 (Các Vi Phạm Băng Đảng) (Dùng Cho Các Tội Vi Phạm Vào Hoặc Sau Ngày 1 Tháng Mười,14-50.29,"December 1, 2016",AOC-CR-621D - Lệnh Xóa Bản Án Có Điều Kiện Theo G.S. 14-50.29 (Các Vi Phạm Băng Đảng) (Dùng Cho Các Tội Vi Phạm Vào Hoặc Sau Ngày 1 Th.pdf,560439,downloaded,https://www.nccourts.gov/assets/documents/forms/cr621d_2.pdf?VersionId=t1EZpTaML4l7NSLaKq5xcpOHa923PxHC,https://www.nccourts.gov/documents/forms/conditional-discharge-under-gs-14-5029-gang-offenses-for-offenses-committed-dec-1-2016-nov-30-2023
AOC-CR-619D,,Xóa Bản Án Có Điều Kiện Theo G.S. 90-96(a) (Dùng Cho Các Tội Vi Phạm Vào Hoặc Sau Ngày 1 Tháng Mười Hai Năm 2016),90-96(a),"July 1, 2017",AOC-CR-619D - Xóa Bản Án Có Điều Kiện Theo G.S. 90-96(a) (Dùng Cho Các Tội Vi Phạm Vào Hoặc Sau Ngày 1 Tháng Mười Hai Năm 2016).pdf,576562,downloaded,https://www.nccourts.gov/assets/documents/forms/cr619d_3.pdf?VersionId=WCrx3WFyKnKMPC9VOIYm_6pRJoCAiPJK,https://www.nccourts.gov/documents/forms/conditional-discharge-under-gs-90-96a-for-offenses-committed-dec-1-2016-nov-30-2023
AOC-CR-604D,,Phán Quyết Án Treo - Hình Phạt Tiểu Hình: Phạt Trong Cộng Đồng Phạt Trung Cấp (Tuyên Án Theo Khung Phạt) (Dùng Cho Các Tội Vi Ph,"15A-1341,15A-1342,15A- 1343,15A-1343.2,15A-1346","December 1, 2016",AOC-CR-604D - Phán Quyết Án Treo - Hình Phạt Tiểu Hình Phạt Trong Cộng Đồng Phạt Trung Cấp (Tuyên Án Theo Khung Phạt) (Dùng Cho Các Tộ.pdf,626213,downloaded,https://www.nccourts.gov/assets/documents/forms/cr604d_2.pdf?VersionId=yNql0SDoa97o9cYbNaQcUgz5X0.n7NZP,https://www.nccourts.gov/documents/forms/judgment-suspending-sentence-misdemeanor-punishment-communityintermediate-structured-sentencing-for-offenses-committed-dec-1-2016-nov-30-2023
AOC-CR-603D,,Phán Quyết Án Treo - Hình Phạt Đại Hình: Phạt Trong Cộng Đồng Phạt Trung Cấp (Tuyên Án Theo Khung Phạt) (Dùng Cho Các Tội Vi Phạ,"15A-1341,15A-1342,15A- 1343,15A-1343.2,15A-1346","December 1, 2016",AOC-CR-603D - Phán Quyết Án Treo - Hình Phạt Đại Hình Phạt Trong Cộng Đồng Phạt Trung Cấp (Tuyên Án Theo Khung Phạt) (Dùng Cho Các Tội.pdf,627999,downloaded,https://www.nccourts.gov/assets/documents/forms/cr603d_2.pdf?VersionId=92GEfj187xx1mnlz1VDZwhhln1HyjqE.,https://www.nccourts.gov/documents/forms/judgment-suspending-sentence-felony-punishment-communityintermediate-structured-sentencing-for-offenses-committed-dec-1-2016-nov-30-2023
AOC-CR-310D,,Lái Xe Trong Tình Trạng Không Tỉnh Táo - Phán Quyết Án Treo (Dùng Cho Các Tội Vi Phạm Vào Hoặc Sau Ngày 1 Tháng Mười Hai Năm 201,20-179,"December 1, 2016",AOC-CR-310D - Lái Xe Trong Tình Trạng Không Tỉnh Táo - Phán Quyết Án Treo (Dùng Cho Các Tội Vi Phạm Vào Hoặc Sau Ngày 1 Tháng Mười Hai.pdf,360869,downloaded,https://www.nccourts.gov/assets/documents/forms/cr310d_2.pdf?VersionId=N9J47q4_F.zeUXTsG6txing783nupu7t,https://www.nccourts.gov/documents/forms/impaired-driving-judgment-suspending-sentence-for-offenses-committed-dec-1-2016-nov-30-2023
AOC-CR-921M,,Forfeiture Order Property Other Than Alcoholic Beverage ABC Violation,18B-504,"March 1, 2005",AOC-CR-921M - Forfeiture Order Property Other Than Alcoholic Beverage ABC Violation.pdf,81284,downloaded,https://www.nccourts.gov/assets/documents/forms/cr921m-en.pdf?VersionId=OLwj71CI9HtHTxi6gqjtHPeeEVD1388S,https://www.nccourts.gov/documents/forms/forfeiture-order-property-other-than-alcoholic-beverage-abc-violation
AOC-CR-920,,Disposition Order Seized Alcoholic Beverage Only,18B-503,"June 1, 2006",AOC-CR-920 - Disposition Order Seized Alcoholic Beverage Only.pdf,172982,downloaded,https://www.nccourts.gov/assets/documents/forms/cr920.pdf?VersionId=lxhCk_uQJHe3eFXFV_tkNGK3ZbSRLQ7X,https://www.nccourts.gov/documents/forms/disposition-order-seized-alcoholic-beverage-only
AOC-CR-202,,"Mẫu Từ Bỏ Quyền Ra Tòa Xét Xử, Khai Nhận Tội, Và Đồng Ý Tòa Án Ban Hành Phán Quyết (Dành Cho Tội Tiểu Hình); Mẫu Từ Bỏ Quyền Ra","7A-146, 7A-148, 7A-180, 7A-273, 15A-1011","April 19, 2018","AOC-CR-202 - Mẫu Từ Bỏ Quyền Ra Tòa Xét Xử, Khai Nhận Tội, Và Đồng Ý Tòa Án Ban Hành Phán Quyết (Dành Cho Tội Tiểu Hình); Mẫu Từ Bỏ Q.pdf",203039,downloaded,https://www.nccourts.gov/assets/documents/forms/cr202.pdf?VersionId=MalcFfipxeU8jMBtA8HE4Cc9ARyrDAly,https://www.nccourts.gov/documents/forms/waiver-of-trial-plea-of-guilty-consent-to-entry-of-judgment-misdemeanors-waiver-of-hearing-admission-and-consent-to-finding-of-responsibility-infractions
AOC-CR-919,,Giấy Chứng Nhận Phục Hồi Quyền Công Dân (Bản Án Của Tiểu Bang Khác Hay Của Liên Bang),13-2(b),"May 1, 2013",AOC-CR-919 - Giấy Chứng Nhận Phục Hồi Quyền Công Dân (Bản Án Của Tiểu Bang Khác Hay Của Liên Bang).pdf,176057,downloaded,https://www.nccourts.gov/assets/documents/forms/cr919.pdf?VersionId=K.rxet_e5OOpkjcCC4Xsrx10e1.RS5D9,https://www.nccourts.gov/documents/forms/certificate-of-restoration-of-citizenship-out-of-state-or-federal-conviction
AOC-CR-918M,,Judicial Finding Of Special Information,"20-24(e),20-24(b)(3)","June 1, 1997",AOC-CR-918M - Judicial Finding Of Special Information.pdf,12603,downloaded,https://www.nccourts.gov/assets/documents/forms/cr918m-en.pdf?VersionId=Yq457qtZTU0F7eSgDgsne9iC_BulZ61n,https://www.nccourts.gov/documents/forms/judicial-finding-of-special-information
AOC-CR-321A,,"Order Of Remand In Non-Implied-Consent Offense Cases (For Appeals Filed Before Dec. 1, 2015); Withdrawal Of Appeal Order Of Rema",15A-1431(h),"March 1, 2016","AOC-CR-321A - Order Of Remand In Non-Implied-Consent Offense Cases (For Appeals Filed Before Dec. 1, 2015); Withdrawal Of Appeal Order.pdf",130361,downloaded,https://www.nccourts.gov/assets/documents/forms/cr321a-en.pdf?VersionId=icOABhYfS.XHE.b1l_WRTzvW76w3LOoK,https://www.nccourts.gov/documents/forms/order-of-remand-in-non-implied-consent-offense-cases-for-appeals-filed-before-dec-1-2015-withdrawal-of-appeal-order-of-remand-implied-consent-offenses-for-appeals-filed-before-dec-1-2015
AOC-CR-914M,,Affidavit To Obtain Administrative Inspection Warrant For Periodic Inspection; Administrative Inspection Warrant For Periodic In,,"July 1, 2000",AOC-CR-914M - Affidavit To Obtain Administrative Inspection Warrant For Periodic Inspection; Administrative Inspection Warrant For Per.pdf,25751,downloaded,https://www.nccourts.gov/assets/documents/forms/cr914m-en.pdf?VersionId=bUiyVFu8RFXM3_BZj3SMfLqq3JjOh9Nc,https://www.nccourts.gov/documents/forms/affidavit-to-obtain-administrative-inspection-warrant-for-periodic-inspection-administrative-inspection-warrant-for-periodic-inspection
AOC-CR-913M,,Affidavit To Obtain Administrative Inspection Warrant For Particular Condition Or Activity; Administrative Inspection Warrant Fo,,"July 1, 2001",AOC-CR-913M - Affidavit To Obtain Administrative Inspection Warrant For Particular Condition Or Activity; Administrative Inspection Wa.pdf,89660,downloaded,https://www.nccourts.gov/assets/documents/forms/cr913m-en.pdf?VersionId=68gKaFqSOC3ASvY0bHvoFLgJvzdg1T7c,https://www.nccourts.gov/documents/forms/affidavit-to-obtain-administrative-inspection-warrant-for-particular-condition-or-activity-administrative-inspection-warrant-for-particular-condition-or-activity
AOC-CR-283,,Order Of Expunction Under G.S. 15A-147(a1) (Identity Theft Or Mistaken Identification),15A-147(a1),"March 1, 2017",AOC-CR-283 - Order Of Expunction Under G.S. 15A-147(a1) (Identity Theft Or Mistaken Identification).pdf,923145,downloaded,https://www.nccourts.gov/assets/documents/forms/cr283_2.pdf?VersionId=bnXo50OnaMzZYGjFqgx8MrQfzpBXLaMx,https://www.nccourts.gov/documents/forms/order-of-expunction-under-gs-15a-147a1-identity-theft-or-mistaken-identification
AOC-CR-912M,,Waiver Of Extradition Findings And Order,15A-746,"July 1, 2000",AOC-CR-912M - Waiver Of Extradition Findings And Order.pdf,47120,downloaded,https://www.nccourts.gov/assets/documents/forms/cr912m-en.pdf?VersionId=RX9sq4MXozlQLoYITM_FZIegt0hyhDpM,https://www.nccourts.gov/documents/forms/waiver-of-extradition-findings-and-order
AOC-CR-911M,,Fugitive Affidavit,"15A-733,15A-734","September 1, 1998",AOC-CR-911M - Fugitive Affidavit.pdf,33431,downloaded,https://www.nccourts.gov/assets/documents/forms/cr911m-en.pdf?VersionId=e8EoezGiMyFY7M4BfUGPXXbFGp8edjro,https://www.nccourts.gov/documents/forms/fugitive-affidavit
AOC-CR-625,,Lệnh Chỉ Định Luật Sư Của Phòng Dịch Vụ Biện Hộ Cho Người Nghèo Cho Các Thủ Tục Tòa Án Sau Khi Bị Tuyên Án Tử Hình,"7A-451(c),7A-451(d),7A-452","January 1, 2009",AOC-CR-625 - Lệnh Chỉ Định Luật Sư Của Phòng Dịch Vụ Biện Hộ Cho Người Nghèo Cho Các Thủ Tục Tòa Án Sau Khi Bị Tuyên Án Tử Hình.pdf,218066,downloaded,https://www.nccourts.gov/assets/documents/forms/cr625_1.pdf?VersionId=yz1pcfTH3cXypHOjnbh5WmC9m8yvkM63,https://www.nccourts.gov/documents/forms/assignment-of-counsel-by-office-of-indigent-defense-services-in-capital-cases-at-the-post-conviction-level
AOC-CR-910,,Warrant For Arrest For Fugitive,15A-733,"April 1, 2011",AOC-CR-910 - Warrant For Arrest For Fugitive.pdf,201112,downloaded,https://www.nccourts.gov/assets/documents/forms/cr910_0.pdf?VersionId=hCX6u6Nl2jVXhWSQKjeKD36mLfLj3Mvn,https://www.nccourts.gov/documents/forms/warrant-for-arrest-for-fugitive
AOC-CR-909,,Magistrate's Order For Fugitive,15A-734,"October 1, 1997",AOC-CR-909 - Magistrate's Order For Fugitive.pdf,163146,downloaded,https://www.nccourts.gov/assets/documents/forms/cr909_0.pdf?VersionId=uqyJ3wD40QmWt83KXcmtct.bEcu8aBaR,https://www.nccourts.gov/documents/forms/magistrates-order-for-fugitive
AOC-CR-301,,Phán Quyết Và Lệnh Giam Tù,15A-1301,"December 1, 2014",AOC-CR-301 - Phán Quyết Và Lệnh Giam Tù.pdf,281976,downloaded,https://www.nccourts.gov/assets/documents/forms/cr301_0.pdf?VersionId=PyZDCPTmTNrmFqayx8nVQX3_iAk8XhXf,https://www.nccourts.gov/documents/forms/judgment-and-commitment
AOC-CR-317,,Do Không Hoàn Thành Điều Kiện Phục Vụ Cộng Đồn; Thu Hồi Giấy Phép Sau Khi Lệnh Quản Chế Đại Hình Bị Hủy Bỏ,143B-708,"August 1, 2012",AOC-CR-317 - Do Không Hoàn Thành Điều Kiện Phục Vụ Cộng Đồn; Thu Hồi Giấy Phép Sau Khi Lệnh Quản Chế Đại Hình Bị Hủy Bỏ.pdf,212021,downloaded,https://www.nccourts.gov/assets/documents/forms/cr317.pdf?VersionId=S3gKJAu_kyDTzqIEIjh7iqLoJ2kTAcex,https://www.nccourts.gov/documents/forms/forfeiture-of-drivers-license-failure-to-complete-community-service-forfeiture-of-licensing-privileges-felony-probation-revocation
AOC-CR-906,,Order Providing Credit Against Service Of Sentence,Chapter 15 Article 19A,"October 1, 1997",AOC-CR-906 - Order Providing Credit Against Service Of Sentence.pdf,151223,downloaded,https://www.nccourts.gov/assets/documents/forms/cr906.pdf?VersionId=zxHDDnQFzly5GOeDw.Si5cte3inbBDan,https://www.nccourts.gov/documents/forms/order-providing-credit-against-service-of-sentence
AOC-CR-902M,,Notice Of Intention To Introduce Evidence At Trial,15A-975(b),"July 1, 2001",AOC-CR-902M - Notice Of Intention To Introduce Evidence At Trial.pdf,51247,downloaded,https://www.nccourts.gov/assets/documents/forms/cr902m-en.pdf?VersionId=.OdP5OX4duY8xmY85.Ams_5CQGcud22p,https://www.nccourts.gov/documents/forms/notice-of-intention-to-introduce-evidence-at-trial
AOC-CR-270,,Giam Giữ Người Lái Xe Trong Tình Trạng Không Tỉnh Táo; Giam Giữ Để Xét Nghiệm Bệnh Truyền Nhiễm,"15A-534.2,20-38.4","April 1, 2014",AOC-CR-270 - Giam Giữ Người Lái Xe Trong Tình Trạng Không Tỉnh Táo; Giam Giữ Để Xét Nghiệm Bệnh Truyền Nhiễm.pdf,204981,downloaded,https://www.nccourts.gov/assets/documents/forms/cr270-en.pdf?VersionId=cGC0H1fj1ImD4gBDpyqE2D9HcwcFXqlo,https://www.nccourts.gov/documents/forms/detention-of-impaired-driver-detention-for-communicable-disease-testing
AOC-CR-201,,Giấy Cam Kết Ra Hầu Tòa Để Được Tại Ngoại Chờ Xử,"15A-531, 15A-534, 15A-544.2","April 19, 2018",AOC-CR-201 - Giấy Cam Kết Ra Hầu Tòa Để Được Tại Ngoại Chờ Xử.pdf,340462,downloaded,https://www.nccourts.gov/assets/documents/forms/cr201_0.pdf?VersionId=Fh7.ldHyf0tXvu.iM._VIXlQUsIUOtk3,https://www.nccourts.gov/documents/forms/appearance-bond-for-pretrial-release
AOC-CR-901M,,Certificate For Attendance Of Out-Of-State Witness,15A-813,"March 1, 2015",AOC-CR-901M - Certificate For Attendance Of Out-Of-State Witness.pdf,423378,downloaded,https://www.nccourts.gov/assets/documents/forms/cr901m-en.pdf?VersionId=4DjeAElkckzrBFLLdAPLVwtZExmBMJ.U,https://www.nccourts.gov/documents/forms/certificate-for-attendance-of-out-of-state-witness
AOC-CR-900,,Prosecutor's Request For Temporary Custody Of Defendant For Trial,15A-711(a),"June 1, 2012",AOC-CR-900 - Prosecutor's Request For Temporary Custody Of Defendant For Trial.pdf,196636,downloaded,https://www.nccourts.gov/assets/documents/forms/cr900_2.pdf?VersionId=NhsXnY0GGeVNQ3QoxTyKz1ezsjcp8bzt,https://www.nccourts.gov/documents/forms/prosecutors-request-for-temporary-custody-of-defendant-for-trial
AOC-CR-624,,Lệnh Chỉ Định Luật Sư Của Phòng Dịch Vụ Biện Hộ Cho Người Nghèo Cho Vụ Án Cố Sát Bậc Một (Hoặc Cố Sát Chưa Phân Cấp) Ở Tòa Án Sơ,"7A-451(c),7A-451(d),7A-452","September 1, 2002",AOC-CR-624 - Lệnh Chỉ Định Luật Sư Của Phòng Dịch Vụ Biện Hộ Cho Người Nghèo Cho Vụ Án Cố Sát Bậc Một (Hoặc Cố Sát Chưa Phân Cấp) Ở T.pdf,196236,downloaded,https://www.nccourts.gov/assets/documents/forms/cr624.pdf?VersionId=02QrBbR3wxXXry938GBIF5Qau8bpLfkh,https://www.nccourts.gov/documents/forms/assignment-of-counsel-by-office-of-indigent-defense-services-in-first-degree-murder-or-undesignated-degree-of-murder-cases-at-the-trial-level
AOC-CR-271,,Thông Báo Cho Phạm Nhân Đã Ưng Thuận Mặc Nhiên,20-38.4,"December 1, 2006",AOC-CR-271 - Thông Báo Cho Phạm Nhân Đã Ưng Thuận Mặc Nhiên.pdf,131584,downloaded,https://www.nccourts.gov/assets/documents/forms/cr271_0.pdf?VersionId=At8qXPB17b277QMwMaVQeRATwxNivcWk,https://www.nccourts.gov/documents/forms/implied-consent-offense-notice
AOC-CR-633C,,Lệnh Xóa Bỏ Bản Án Có Điều Kiện Chiếu Theo G.S. 15A-1341(a4) (Dùng Cho Các Tội Vi Phạm Trong Khoảng Từ Ngày 1 Tháng Mười Hai Năm,15A-1341(a5),"December 1, 2016",AOC-CR-633C - Lệnh Xóa Bỏ Bản Án Có Điều Kiện Chiếu Theo G.S. 15A-1341(a4) (Dùng Cho Các Tội Vi Phạm Trong Khoảng Từ Ngày 1 Tháng Mười.pdf,645826,downloaded,https://www.nccourts.gov/assets/documents/forms/cr633c_0.pdf?VersionId=CswwB2tPRfqrHAgGhxPJ7ZIWCgyWckIl,https://www.nccourts.gov/documents/forms/conditional-discharge-under-gs-15a-1341a5-for-offenses-committed-dec-1-2011-nov-30-2016
AOC-CR-633A,,"Conditional Discharge Under G.S. 15A-1341(a5) (For Offenses Committed Before Dec. 1, 2009)",15A-1341(a5),"December 1, 2016","AOC-CR-633A - Conditional Discharge Under G.S. 15A-1341(a5) (For Offenses Committed Before Dec. 1, 2009).pdf",571729,downloaded,https://www.nccourts.gov/assets/documents/forms/cr633a_0.pdf?VersionId=4XuR7c9rGP1j85PzARjPtM7hf6Z7CEl2,https://www.nccourts.gov/documents/forms/conditional-discharge-under-gs-15a-1341a5-for-offenses-committed-before-dec-1-2009
AOC-CR-632C,,Lệnh Xóa Bỏ Bản Án Có Điều Kiện Chiếu Theo G.S. 15A-1341(a5) (Dùng Cho Các Tội Vi Phạm Trong Khoảng Từ Ngày 1 Tháng Mười Hai Năm,15A-1341(a4),"December 1, 2016",AOC-CR-632C - Lệnh Xóa Bỏ Bản Án Có Điều Kiện Chiếu Theo G.S. 15A-1341(a5) (Dùng Cho Các Tội Vi Phạm Trong Khoảng Từ Ngày 1 Tháng Mười.pdf,664030,downloaded,https://www.nccourts.gov/assets/documents/forms/cr632c_0.pdf?VersionId=OVWFXs7hokBQwCu0TNxOehCE6Ip9PaCG,https://www.nccourts.gov/documents/forms/conditional-discharge-under-gs-15a-1341a4-for-offenses-committed-dec-1-2011-nov-30-2016
AOC-CR-632B,,"Conditional Discharge Under G.S. 15A-1341(a4) (For Offenses Committed Dec. 1, 2009 - Nov. 30, 2011)",15A-1341(a4),"December 1, 2016","AOC-CR-632B - Conditional Discharge Under G.S. 15A-1341(a4) (For Offenses Committed Dec. 1, 2009 - Nov. 30, 2011).pdf",613140,downloaded,https://www.nccourts.gov/assets/documents/forms/cr632b_0.pdf?VersionId=A_yWeB3g3bE1daPKhntMwOBNfJClFpAE,https://www.nccourts.gov/documents/forms/conditional-discharge-under-gs-15a-1341a4-for-offenses-committed-dec-1-2009-nov-30-2011
AOC-CR-611,,"Bảng Tính Tiền Bồi Thường, Thông Báo Và Lệnh (Tuyên Án Lần Đầu)","15A-1340.34,15A-1340.35,15A-1340.36,15A-1340.37,15A-1340.38,15A-1343(d)","March 1, 2017","AOC-CR-611 - Bảng Tính Tiền Bồi Thường, Thông Báo Và Lệnh (Tuyên Án Lần Đầu).pdf",317224,downloaded,https://www.nccourts.gov/assets/documents/forms/cr611_2.pdf?VersionId=OU07ZWciVC_1auYGnBbIWnHq1B4QduUA,https://www.nccourts.gov/documents/forms/restitution-worksheet-notice-and-order-initial-sentencing
AOC-CR-632A,,"Conditional Discharge Under G.S. 15A-1341(a4) (For Offenses Committed Before Dec. 1, 2009)",15A-1341(a4),"December 1, 2016","AOC-CR-632A - Conditional Discharge Under G.S. 15A-1341(a4) (For Offenses Committed Before Dec. 1, 2009).pdf",589596,downloaded,https://www.nccourts.gov/assets/documents/forms/cr632a_0.pdf?VersionId=sFfcfkEu80pL0D6Bj5SF1apj7E7IF2jy,https://www.nccourts.gov/documents/forms/conditional-discharge-under-gs-15a-1341a4-for-offenses-committed-before-dec-1-2009
AOC-CR-405,,Mẫu Từ Bỏ Quyền Được Xét Xử Trước Bồi Thẩm Đoàn,15A-1201,"December 1, 2015",AOC-CR-405 - Mẫu Từ Bỏ Quyền Được Xét Xử Trước Bồi Thẩm Đoàn.pdf,153658,downloaded,https://www.nccourts.gov/assets/documents/forms/cr405-en.pdf?VersionId=WdTO_sLzu7fyF8e5veEWo5fod5tIedKc,https://www.nccourts.gov/documents/forms/waiver-of-jury-trial
AOC-CR-227,,Từ Bỏ Quyền Có Luật Sư,"7A-457, 15A-1242","October 1, 2015",AOC-CR-227 - Từ Bỏ Quyền Có Luật Sư.pdf,161163,downloaded,https://www.nccourts.gov/assets/documents/forms/cr227_0.pdf?VersionId=5BaEBkuJm5MGGlbQ1HhSGSuXDkeG848q,https://www.nccourts.gov/documents/forms/waiver-of-counsel
AOC-CR-302,,Judgment Suspending Sentence And Commitment On Special Probation,"15A-1341,15A-1342,15A-1343,15A-1346","December 1, 2014",AOC-CR-302 - Judgment Suspending Sentence And Commitment On Special Probation.pdf,373427,downloaded,https://www.nccourts.gov/assets/documents/forms/cr302_0.pdf?VersionId=i.VLurJ0WdE0DxJIHTJsFnMi_kt4OF3t,https://www.nccourts.gov/documents/forms/judgment-suspending-sentence-and-commitment-on-special-probation
AOC-CR-606,,Extraordinary Mitigation Findings (Structured Sentencing),15A-1340.13,"October 1, 1994",AOC-CR-606 - Extraordinary Mitigation Findings (Structured Sentencing).pdf,135350,downloaded,https://www.nccourts.gov/assets/documents/forms/aoc-cr-606-en.pdf?VersionId=Njq2WM47hoCTCLG3UGhqIWM5lIYfnaQl,https://www.nccourts.gov/documents/forms/extraordinary-mitigation-findings-structured-sentencing
AOC-CR-600B,,Bảng Tính Mức Hồ Sơ Tiền Án Khi Tuyên Án Tội Đại Hình Và Mức Tái Phạm Khi Tuyên Án Tội Tiểu Hình (Tuyên Án Theo Khung Phạt),"15A-1340.14,15A-1340.21","July 18, 2018",AOC-CR-600B - Bảng Tính Mức Hồ Sơ Tiền Án Khi Tuyên Án Tội Đại Hình Và Mức Tái Phạm Khi Tuyên Án Tội Tiểu Hình (Tuyên Án Theo Khung Ph.pdf,290292,downloaded,https://www.nccourts.gov/assets/documents/forms/cr600b_0.pdf?VersionId=mCejCMEsfHz7805Z6.IU8CCJ0MngnWnw,https://www.nccourts.gov/documents/forms/worksheet-prior-record-level-for-felony-sentencing-and-prior-conviction-level-for-misdemeanor-sentencing-structured-sentencing-for-offenses-committed-on-or-after-dec-1-2009
AOC-CR-629,,Judgment - Class 3 Misdemeanor Fewer Than Four Prior Convictions (Structured Sentencing) (For Offenses Committed On or After Dec,15A-1340.23(d),"November 30, 2017",AOC-CR-629 - Judgment - Class 3 Misdemeanor Fewer Than Four Prior Convictions (Structured Sentencing) (For Offenses Committed On or A.pdf,335758,downloaded,https://www.nccourts.gov/assets/documents/forms/cr629-en.pdf?VersionId=_baVfakF0uzPekztny3.MH2UXqet8c09,https://www.nccourts.gov/documents/forms/judgment-class-3-misdemeanor-fewer-than-four-prior-convictions-structured-sentencing-for-offenses-committed-on-or-after-dec-1-2013
AOC-CR-924B,,Application And Order For Release Of Seized Motor Vehicle Declared A Total Loss - Felony Speeding To Elude,20-28.3(h),"December 1, 2013",AOC-CR-924B - Application And Order For Release Of Seized Motor Vehicle Declared A Total Loss - Felony Speeding To Elude.pdf,142225,downloaded,https://www.nccourts.gov/assets/documents/forms/cr924b.pdf?VersionId=A0lnuNiNamKLB5KRd678IUwLm5Mpc06d,https://www.nccourts.gov/documents/forms/application-and-order-for-release-of-seized-motor-vehicle-declared-a-total-loss-felony-speeding-to-elude
AOC-CR-336B,,Order Releasing Seized Motor Vehicle to Defendant-Owner Or Non-Defendant Motor Vehicle Owner After Disposition Of Criminal Charg,20-28.4,"December 1, 2013",AOC-CR-336B - Order Releasing Seized Motor Vehicle to Defendant-Owner Or Non-Defendant Motor Vehicle Owner After Disposition Of Crimin.pdf,136749,downloaded,https://www.nccourts.gov/assets/documents/forms/cr336b.pdf?VersionId=jwg0RGuNm3_ufxYeFM3btPC7hhZ2WtaM,https://www.nccourts.gov/documents/forms/order-releasing-seized-motor-vehicle-to-defendant-owner-or-non-defendant-motor-vehicle-owner-after-disposition-of-criminal-charges-felony-speeding-to-elude
AOC-CR-335B,,Order Forfeiting Motor Vehicle After Hearing - Felony Speeding To Elude,"20-28.2(b2),20-28.2(d),20-28.5","December 1, 2013",AOC-CR-335B - Order Forfeiting Motor Vehicle After Hearing - Felony Speeding To Elude.pdf,401921,downloaded,https://www.nccourts.gov/assets/documents/forms/cr335b-en.pdf?VersionId=MiLByCUHs9VXfcJoiihO8k0nCCvQGD0.,https://www.nccourts.gov/documents/forms/order-forfeiting-motor-vehicle-after-hearing-felony-speeding-to-elude
AOC-CR-334B,,Lienholder's Petition For Release Of Seized Motor Vehicle Notice Of Hearing/Waiver And Order - Felony Speeding To Elude,"20-28.2(d),20-28.2(f),20-28.3(e3)","December 1, 2013",AOC-CR-334B - Lienholder's Petition For Release Of Seized Motor Vehicle Notice Of HearingWaiver And Order - Felony Speeding To Elude.pdf,208908,downloaded,https://www.nccourts.gov/assets/documents/forms/cr334b-en.pdf?VersionId=Np_nvSzQlXfbmSkSMlqTGXiL6TeWYF.b,https://www.nccourts.gov/documents/forms/lienholders-petition-for-release-of-seized-motor-vehicle-notice-of-hearingwaiver-and-order-felony-speeding-to-elude
AOC-CR-333B,,Defendant Owner's Petition For Temporary Release Of Seized Vehicle And Order - Felony Speeding To Elude,20-28.3(e2)(2),"December 1, 2013",AOC-CR-333B - Defendant Owner's Petition For Temporary Release Of Seized Vehicle And Order - Felony Speeding To Elude.pdf,166224,downloaded,https://www.nccourts.gov/assets/documents/forms/cr333b.pdf?VersionId=NRBaTOkoje7uUeQx_cv7V_HJltC4f4Tj,https://www.nccourts.gov/documents/forms/defendant-owners-petition-for-temporary-release-of-seized-vehicle-and-order-felony-speeding-to-elude
AOC-CR-332B,,Order On Non-Defendant Owner's Petition/Application For Release Of Seized Motor Vehicle - Felony Speeding To Elude,"20-28.2(e),20-28.3(e),20-28.3(e1)","December 1, 2013",AOC-CR-332B - Order On Non-Defendant Owner's PetitionApplication For Release Of Seized Motor Vehicle - Felony Speeding To Elude.pdf,208159,downloaded,https://www.nccourts.gov/assets/documents/forms/cr332b.pdf?VersionId=_Xi2QR0rB9pjj1qpVMkobXJf2hOSeAx0,https://www.nccourts.gov/documents/forms/order-on-non-defendant-owners-petitionapplication-for-release-of-seized-motor-vehicle-felony-speeding-to-elude
AOC-CR-331B,,Bond To Secure Temporary Pretrial Release Of Motor Vehicle - Felony Speeding To Elude,"20-28.3(e),20-(e2)(2)","December 1, 2013",AOC-CR-331B - Bond To Secure Temporary Pretrial Release Of Motor Vehicle - Felony Speeding To Elude.pdf,205640,downloaded,https://www.nccourts.gov/assets/documents/forms/cr331b.pdf?VersionId=TUcUgM81rokZ9xpZNMwWzIjzi5D9S9gd,https://www.nccourts.gov/documents/forms/bond-to-secure-temporary-pretrial-release-of-motor-vehicle-felony-speeding-to-elude
AOC-CR-330B,,Non-Defendant Owner's Petition/Application For Release Of Seized Motor Vehicle Acknowledgment - Felony Speeding To Elude,"20-28.2(e),20-28.3(e),20-28.3(e1)","December 1, 2013",AOC-CR-330B - Non-Defendant Owner's PetitionApplication For Release Of Seized Motor Vehicle Acknowledgment - Felony Speeding To Elude.pdf,156902,downloaded,https://www.nccourts.gov/assets/documents/forms/cr330b.pdf?VersionId=PVaqvnk4HXZRIhWoDsQkaTcMWfsvQ3pj,https://www.nccourts.gov/documents/forms/non-defendant-owners-petitionapplication-for-release-of-seized-motor-vehicle-acknowledgment-felony-speeding-to-elude
AOC-CR-329,,Tịch Thu Xe Vì Người Lái Trong Tình Trạng Không Tỉnh Táo Các Câu Hỏi Thường Gặp,,"December 1, 2013",AOC-CR-329 - Tịch Thu Xe Vì Người Lái Trong Tình Trạng Không Tỉnh Táo Các Câu Hỏi Thường Gặp.pdf,1455386,downloaded,https://www.nccourts.gov/assets/documents/forms/cr329-en.pdf?VersionId=nFZb4MovXcpk8M84NL8SMaijw3DEV4PY,https://www.nccourts.gov/documents/forms/dwi-vehicle-seizure-frequently-asked-questions
AOC-CR-307B,,Mẫu Hủy Bỏ Vụ Án Thông Báo Phục Hồi Vụ Án (Dùng Cho Các Tội Vi Phạm Vào Hoặc Sau Ngày 1 Tháng Mười Hai Năm 2013),"15A-302(e),15A-931,15A-932","March 1, 2016",AOC-CR-307B - Mẫu Hủy Bỏ Vụ Án Thông Báo Phục Hồi Vụ Án (Dùng Cho Các Tội Vi Phạm Vào Hoặc Sau Ngày 1 Tháng Mười Hai Năm 2013).pdf,200511,downloaded,https://www.nccourts.gov/assets/documents/forms/cr307b_3.pdf?VersionId=JnHhDKabtBARKF5fyeU71S9B7cmQ7_zU,https://www.nccourts.gov/documents/forms/dismissal-notice-of-reinstatement-for-offenses-committed-on-or-after-dec-1-2013
AOC-CR-208B,,Motion And Order Committing Defendant To Central Regional Hospital - Butner Campus For Examination On Capacity To Proceed (For O,15A-1002,"December 1, 2013",AOC-CR-208B - Motion And Order Committing Defendant To Central Regional Hospital - Butner Campus For Examination On Capacity To Procee.pdf,240071,downloaded,https://www.nccourts.gov/assets/documents/forms/cr208b.pdf?VersionId=VzJFJTCoFvvyIt76qi5rOgmq.Icl5TeZ,https://www.nccourts.gov/documents/forms/motion-and-order-committing-defendant-to-central-regional-hospital-butner-campus-for-examination-on-capacity-to-proceed-for-offenses-committed-on-or-after-dec-1-2013
AOC-CR-207B,,KIẾN NGHỊ VÀ LỆNH  CHỈ ĐỊNH CHUYÊN VIÊN KIỂM TRA PHÁP Y  ĐƯỢC CHỨNG NHẬN CỦA ĐỊA PHƯƠNG (Dùng cho các tội vi phạm vào hoặc sau n,15A-1002,"December 1, 2013",AOC-CR-207B - KIẾN NGHỊ VÀ LỆNH CHỈ ĐỊNH CHUYÊN VIÊN KIỂM TRA PHÁP Y ĐƯỢC CHỨNG NHẬN CỦA ĐỊA PHƯƠNG (Dùng cho các tội vi phạm vào hoặc.pdf,231435,downloaded,https://www.nccourts.gov/assets/documents/forms/cr207b_1.pdf?VersionId=l5Em1C.Xy9580tRYE.wxLYrQpHNW_TpE,https://www.nccourts.gov/documents/forms/motion-and-order-appointing-local-certified-forensic-evaluator-for-offenses-committed-on-or-after-dec-1-2013
AOC-CR-309,,Receipt And Return Of License Revoked For Unsafe Movement Violation,20-154(a2),"October 1, 2013",AOC-CR-309 - Receipt And Return Of License Revoked For Unsafe Movement Violation.pdf,678246,downloaded,https://www.nccourts.gov/assets/documents/forms/cr309-en.pdf?VersionId=ZIsg6uHYZeBla2KReWCqOoFz0bbq4908,https://www.nccourts.gov/documents/forms/receipt-and-return-of-license-revoked-for-unsafe-movement-violation
AOC-CR-282,,Instructions For Petition And Order Of Expunction Under G.S. 15A-145.6 (Prostitution Offenses),"15A-145.6,15A-150","October 1, 2015",AOC-CR-282 - Instructions For Petition And Order Of Expunction Under G.S. 15A-145.6 (Prostitution Offenses).pdf,287976,downloaded,https://www.nccourts.gov/assets/documents/forms/cr282_5.pdf?VersionId=gcqzb5SW2Cd0mgZeeM.qHheRTdSt8LvP,https://www.nccourts.gov/documents/forms/petition-and-order-of-expunction-under-gs-15a-1456-prostitution-offenses-instructions-for-petition-and-order-of-expunction-under-gs-15a-1456
AOC-CR-926,,Order Of Restoration Of Citizenship (Unsupervised Probationers Or Fine-Only Sentences),13-2(a),"May 1, 2013",AOC-CR-926 - Order Of Restoration Of Citizenship (Unsupervised Probationers Or Fine-Only Sentences).pdf,865857,downloaded,https://www.nccourts.gov/assets/documents/forms/cr926.pdf?VersionId=yuJXnqHr6K9N4JIes9RvFzJjSkqQ7Pp1,https://www.nccourts.gov/documents/forms/order-of-restoration-of-citizenship-unsupervised-probationers-or-fine-only-sentences
AOC-CR-242,,Conditions Of Release Abstinence From Alcohol And Continuous Alcohol Monitoring,15A-534,"December 1, 2012",AOC-CR-242 - Conditions Of Release Abstinence From Alcohol And Continuous Alcohol Monitoring.pdf,123616,downloaded,https://www.nccourts.gov/assets/documents/forms/cr242-en.pdf?VersionId=1bI6HzErAxT2mYFIKOuip2jIaRFeeqxa,https://www.nccourts.gov/documents/forms/conditions-of-release-abstinence-from-alcohol-and-continuous-alcohol-monitoring
AOC-CR-115,,Trát Hầu Tòa Hình Sự Tội Đưa Chi Phiếu Không Tiền Bảo Chứng Bậc Tiểu Hình,14-107,"April 14, 2015",AOC-CR-115 - Trát Hầu Tòa Hình Sự Tội Đưa Chi Phiếu Không Tiền Bảo Chứng Bậc Tiểu Hình.pdf,484637,downloaded,https://www.nccourts.gov/assets/documents/forms/cr115_4.pdf?VersionId=sJyJvfJan3OYkzk877umxKaQMcWDL8yC,https://www.nccourts.gov/documents/forms/criminal-summons-misdemeanor-worthless-check
AOC-CR-217,,Lệnh Bắt Giữ,,"November 30, 2017",AOC-CR-217 - Lệnh Bắt Giữ.pdf,248215,downloaded,https://www.nccourts.gov/assets/documents/forms/cr217_0.pdf?VersionId=IprScVdTagDYCuG5y3RScpGbj46BPQWX,https://www.nccourts.gov/documents/forms/order-for-arrest
AOC-CR-224,,Lệnh Chỉ Định Hoặc Từ Chối Chỉ Định Luật Sư,"7A-146(11), 7A-292(15), 7A-450, 7A-451(a), 15A-1340.23(d)","September 29, 2015",AOC-CR-224 - Lệnh Chỉ Định Hoặc Từ Chối Chỉ Định Luật Sư.pdf,259542,downloaded,https://www.nccourts.gov/assets/documents/forms/cr224_0.pdf?VersionId=jId27QuzrQx.gu.bbgX1PYhwfsd.SCnd,https://www.nccourts.gov/documents/forms/order-of-assignment-or-denial-of-counsel
AOC-CR-322,,Bản Khai Nhận Tội Hoặc Không Chối Tội Của Bị Cáo Tại Tòa Án Khu Vực,,"June 1, 2012",AOC-CR-322 - Bản Khai Nhận Tội Hoặc Không Chối Tội Của Bị Cáo Tại Tòa Án Khu Vực.pdf,190738,downloaded,https://www.nccourts.gov/assets/documents/forms/cr322.pdf?VersionId=syh3UI.pkToOfMn7bh9YRy4HUPG5twSZ,https://www.nccourts.gov/documents/forms/defendants-plea-of-guilty-or-no-contest-in-district-court
AOC-CR-226,,Bản Khai Hữu Thệ Về Tình Trạng Nghèo Khó,7A-450 et seq.,"October 1, 2013",AOC-CR-226 - Bản Khai Hữu Thệ Về Tình Trạng Nghèo Khó.pdf,281774,downloaded,https://www.nccourts.gov/assets/documents/forms/cr226_1.pdf?VersionId=biNaBYNcFRBMcSk3KMn.c_MYsg3pn6Z8,https://www.nccourts.gov/documents/forms/affidavit-of-indigency
AOC-CR-116,,LỆNH QUAN TÒA,,"June 28, 2024",AOC-CR-116 - LỆNH QUAN TÒA.pdf,516536,downloaded,https://www.nccourts.gov/assets/documents/forms/cr116_4.pdf?VersionId=zV80IzEUe.515r_RlsM3fS3.csdlQu6W,https://www.nccourts.gov/documents/forms/magistrates-order
AOC-CR-410,,Motion And Order For Continuance (Criminal Superior Court Cases),,"March 1, 2016",AOC-CR-410 - Motion And Order For Continuance (Criminal Superior Court Cases).pdf,217413,downloaded,https://www.nccourts.gov/assets/documents/forms/cr410.pdf?VersionId=fEHlY2T4jV7X3RB7cwY2wP9MA3.UPm_P,https://www.nccourts.gov/documents/forms/motion-and-order-for-continuance-criminal-superior-court-cases
AOC-CR-650,,Order Of Suspension Of Public Benefits For Absconder (For Use With Supervised Probationers Only),15A-1345(a1),"October 1, 2012",AOC-CR-650 - Order Of Suspension Of Public Benefits For Absconder (For Use With Supervised Probationers Only).pdf,182005,downloaded,https://www.nccourts.gov/assets/documents/forms/cr650_0.pdf?VersionId=geH0C7zmVpVuijZwBCye3z2yoS_bDhhy,https://www.nccourts.gov/documents/forms/order-of-suspension-of-public-benefits-for-absconder-for-use-with-supervised-probationers-only
AOC-CR-627C,,"Conditional Discharge Under G.S. 90-96(a1) (For Offenses Committed Dec. 1, 2011 - Nov. 30, 2016)",90-96(a1),"December 1, 2017","AOC-CR-627C - Conditional Discharge Under G.S. 90-96(a1) (For Offenses Committed Dec. 1, 2011 - Nov. 30, 2016).pdf",687823,downloaded,https://www.nccourts.gov/assets/documents/forms/cr627c_0.pdf?VersionId=F6VMu7xWGCsf1LqzDnW6dizoyjOhtdAD,https://www.nccourts.gov/documents/forms/conditional-discharge-under-gs-90-96a1-for-offenses-committed-dec-1-2011-nov-30-2016
AOC-CR-627B,,"Conditional Discharge Under G.S. 90-96(a1) (For Offenses Committed Dec. 1, 2009 - Nov. 30, 2011)",90-96(a1),"December 1, 2017","AOC-CR-627B - Conditional Discharge Under G.S. 90-96(a1) (For Offenses Committed Dec. 1, 2009 - Nov. 30, 2011).pdf",617507,downloaded,https://www.nccourts.gov/assets/documents/forms/cr627b_0.pdf?VersionId=67AW3MHEaenZVNZUjV.QGmcLzr27ufK5,https://www.nccourts.gov/documents/forms/conditional-discharge-under-gs-90-96a1-for-offenses-committed-dec-1-2009-nov-30-2011
AOC-CR-627A,,"Conditional Discharge Under G.S. 90-96(a1) (For Offenses Committed Before Dec. 1, 2009)",90-96(a1),"December 1, 2017","AOC-CR-627A - Conditional Discharge Under G.S. 90-96(a1) (For Offenses Committed Before Dec. 1, 2009).pdf",615196,downloaded,https://www.nccourts.gov/assets/documents/forms/cr627a_0.pdf?VersionId=3X_59zOsjnnqG5Xsp3KUoldyU9LPtR5M,https://www.nccourts.gov/documents/forms/conditional-discharge-under-gs-90-96a1-for-offenses-committed-before-dec-1-2009
AOC-CR-350,,Appellate Entries,,"March 1, 2016",AOC-CR-350 - Appellate Entries.pdf,222707,downloaded,https://www.nccourts.gov/assets/documents/forms/cr350_1.pdf?VersionId=hq5ZLsKo75ax8NTYUK4iP7VBUiXfZBDp,https://www.nccourts.gov/documents/forms/appellate-entries
AOC-CR-341,,Lệnh Giao Nộp Bằng Lái Hay Giấy Đặc Quyền Lái Xe Có Giới Hạn,"20-16.1,20-17.8,20-20.1,20-179.3","December 1, 2007",AOC-CR-341 - Lệnh Giao Nộp Bằng Lái Hay Giấy Đặc Quyền Lái Xe Có Giới Hạn.pdf,53713,downloaded,https://www.nccourts.gov/assets/documents/forms/cr341-en.pdf?VersionId=UI46qZFPuTP77f2mv8iBlpGGRo.vK3kM,https://www.nccourts.gov/documents/forms/order-to-surrender-license-or-limited-driving-privilege
AOC-CR-340,,Đặc Quyền Lái Xe Có Giới Hạn Với Thiết Bị Khóa Công Tắc Tội Lái Xe Trong Tình Trạng Không Tỉnh Táo (Các Bản Án Tại N.C.),20-179.3,"October 1, 2015",AOC-CR-340 - Đặc Quyền Lái Xe Có Giới Hạn Với Thiết Bị Khóa Công Tắc Tội Lái Xe Trong Tình Trạng Không Tỉnh Táo (Các Bản Án Tại N.C.).pdf,214556,downloaded,https://www.nccourts.gov/assets/documents/forms/cr340_1.pdf?VersionId=.KTVoTkmE0rplThXw4gToXsskMuftPhd,https://www.nccourts.gov/documents/forms/interlock-limited-driving-privilege-impaired-driving-or-open-container-or-underage-alcohol-violation-nc-convictions-only
AOC-CR-623,,Misdemeanant Confinement Program Request For Transfer,148-32.1(b3),"May 1, 2013",AOC-CR-623 - Misdemeanant Confinement Program Request For Transfer.pdf,194770,downloaded,https://www.nccourts.gov/assets/documents/forms/cr623_0.pdf?VersionId=mLwJt5zZTJsc.GYs3JnBezDAPdgIfI1N,https://www.nccourts.gov/documents/forms/misdemeanant-confinement-program-request-for-transfer
AOC-CR-237,,Request For Report Of Conditional Discharge,15A-151,"December 1, 2017",AOC-CR-237 - Request For Report Of Conditional Discharge.pdf,256878,downloaded,https://www.nccourts.gov/assets/documents/forms/cr237_4.pdf?VersionId=OCkbrFpfh4AF9hwZpcf1AB1ZxiMIFLZW,https://www.nccourts.gov/documents/forms/request-for-report-of-conditional-discharge
AOC-CR-626,,Additional File No.(s) And Offense(s),,"December 1, 2016",AOC-CR-626 - Additional File No.(s) And Offense(s).pdf,177022,downloaded,https://www.nccourts.gov/assets/documents/forms/cr626_0.pdf?VersionId=lwPaqDsoqKa2SOxoEUEtr54LfWNSK_9z,https://www.nccourts.gov/documents/forms/additional-file-nos-and-offenses
AOC-CR-621C,,Lệnh Xóa Bản Án Có Điều Kiện Theo G.S. 14-50.29 (Các Vi Phạm Băng Đảng) (Dùng Cho Các Tội Vi Phạm Trong Khoảng Từ Ngày 1 Tháng M,14-50.29,"December 1, 2017",AOC-CR-621C - Lệnh Xóa Bản Án Có Điều Kiện Theo G.S. 14-50.29 (Các Vi Phạm Băng Đảng) (Dùng Cho Các Tội Vi Phạm Trong Khoảng Từ Ngày 1.pdf,657936,downloaded,https://www.nccourts.gov/assets/documents/forms/cr621c_0.pdf?VersionId=5DZIfbNgWnQSokFRVLGbV9_ysM8Gh8QI,https://www.nccourts.gov/documents/forms/conditional-discharge-under-gs-14-5029-gang-offenses-for-offenses-committed-dec-1-2011-nov-30-2016
AOC-CR-113,,TRÁT HẦU TÒA VÌ TỘI TIỂU HÌNH,,"November 30, 2017",AOC-CR-113 - TRÁT HẦU TÒA VÌ TỘI TIỂU HÌNH.pdf,551154,downloaded,https://www.nccourts.gov/assets/documents/forms/cr113_5.pdf?VersionId=_ZskBjo49E.SLHDa2TTA3l7Z87BfmMrM,https://www.nccourts.gov/documents/forms/criminal-summons
AOC-CR-621B,,Lệnh Xóa Bản Án Có Điều Kiện Theo G.S. 14-50.29 (Các Vi Phạm Băng Đảng) (Dùng Cho Các Tội Vi Phạm Từ Ngày 1 Tháng Mười Hai Năm 2,14-50.29,"December 1, 2017",AOC-CR-621B - Lệnh Xóa Bản Án Có Điều Kiện Theo G.S. 14-50.29 (Các Vi Phạm Băng Đảng) (Dùng Cho Các Tội Vi Phạm Từ Ngày 1 Tháng Mười H.pdf,599335,downloaded,https://www.nccourts.gov/assets/documents/forms/cr621b_0.pdf?VersionId=jDyIE.zmPOWxXztoE23peSlMaZp6JNl4,https://www.nccourts.gov/documents/forms/conditional-discharge-under-gs-14-5029-gang-offenses-for-offenses-committed-dec-1-2009-nov-30-2011
AOC-CR-621A,,Lệnh Xóa Bản Án Có Điều Kiện Theo G.S. 14-50.29 (Các Vi Phạm Băng Đảng) (Dùng Cho Các Tội Vi Phạm Từ Ngày 1 Tháng Mười Hai Năm 2,14-50.29,"December 1, 2017",AOC-CR-621A - Lệnh Xóa Bản Án Có Điều Kiện Theo G.S. 14-50.29 (Các Vi Phạm Băng Đảng) (Dùng Cho Các Tội Vi Phạm Từ Ngày 1 Tháng Mười H.pdf,577549,downloaded,https://www.nccourts.gov/assets/documents/forms/cr621a_0.pdf?VersionId=BPXF3YYaMDmiVwtSnXChTipF4xskSaBB,https://www.nccourts.gov/documents/forms/conditional-discharge-under-gs-14-5029-gang-offenses-for-offenses-committed-dec-1-2008-nov-30-2009
AOC-CR-619C,,Xóa Bản Án Có Điều Kiện Theo G.S. 90-96(a) (Dùng Cho Các Tội Vi Phạm Trong Khoảng Từ Ngày 1 Tháng Mười Hai Năm 2011 Đến Ngày 30,90-96(a),"December 1, 2017",AOC-CR-619C - Xóa Bản Án Có Điều Kiện Theo G.S. 90-96(a) (Dùng Cho Các Tội Vi Phạm Trong Khoảng Từ Ngày 1 Tháng Mười Hai Năm 2011 Đến.pdf,674892,downloaded,https://www.nccourts.gov/assets/documents/forms/cr619c_0.pdf?VersionId=FW0fBshZrW2YENFS4xHOzikgHqKTxC6D,https://www.nccourts.gov/documents/forms/conditional-discharge-under-gs-90-96a-for-offenses-committed-dec-1-2011-nov-30-2016
AOC-CR-619B,,Xóa Bản Án Có Điều Kiện Theo G.S. 90-96(a) (Dùng Cho Các Tội Vi Phạm Từ Ngày 1 Tháng Mười Hai Năm 2009 – Ngày 30 Tháng Mười Một,90-96(a),"December 1, 2017",AOC-CR-619B - Xóa Bản Án Có Điều Kiện Theo G.S. 90-96(a) (Dùng Cho Các Tội Vi Phạm Từ Ngày 1 Tháng Mười Hai Năm 2009 – Ngày 30 Tháng M.pdf,604166,downloaded,https://www.nccourts.gov/assets/documents/forms/cr619b_0.pdf?VersionId=7SIpNmQ2ybr76ymuDObqT04N_aWRkoZ4,https://www.nccourts.gov/documents/forms/conditional-discharge-under-gs-90-96a-for-offenses-committed-dec-1-2009-nov-30-2011
AOC-CR-619A,,Xóa Bản Án Có Điều Kiện Theo G.S. 90-96(a) (Dùng Cho Các Tội Vi Phạm Trước Ngày 1 Tháng Mười Hai Năm 2009),90-96(a),"December 1, 2017",AOC-CR-619A - Xóa Bản Án Có Điều Kiện Theo G.S. 90-96(a) (Dùng Cho Các Tội Vi Phạm Trước Ngày 1 Tháng Mười Hai Năm 2009).pdf,601618,downloaded,https://www.nccourts.gov/assets/documents/forms/cr619a_0.pdf?VersionId=_OwyY7bMeVQH_HV30zC84EQxSF9ZGqGb,https://www.nccourts.gov/documents/forms/conditional-discharge-under-gs-90-96a-for-offenses-committed-before-dec-1-2009
AOC-CR-604C,,Phán Quyết Án Treo - Hình Phạt Tiểu Hình: Phạt Trong Cộng Đồng Phạt Trung Cấp (Tuyên Án Theo Khung Phạt) (Dùng Cho Các Tội Vi Ph,"15A-1341,15A-1342,15A-1343,15A-1343.2,15A-1346","December 1, 2017",AOC-CR-604C - Phán Quyết Án Treo - Hình Phạt Tiểu Hình Phạt Trong Cộng Đồng Phạt Trung Cấp (Tuyên Án Theo Khung Phạt) (Dùng Cho Các Tộ.pdf,719736,downloaded,https://www.nccourts.gov/assets/documents/forms/cr604c_0.pdf?VersionId=ZJVYNc57oBjkBB3QDcndm2yC.C.M9FHe,https://www.nccourts.gov/documents/forms/judgment-suspending-sentence-misdemeanor-punishment-communityintermediate-structured-sentencing-for-offenses-committed-dec-1-2011-nov-30-2016
AOC-CR-604B,,Phán Quyết Án Treo - Hình Phạt Tiểu Hình: Phạt Trong Cộng Đồng Phạt Trung Cấp (Tuyên Án Theo Khung Phạt) (Dùng Cho Các Tội Vi Ph,"15A-1341,15A-1342,15A-1343,15A-1343.2,15A-1346","December 1, 2017",AOC-CR-604B - Phán Quyết Án Treo - Hình Phạt Tiểu Hình Phạt Trong Cộng Đồng Phạt Trung Cấp (Tuyên Án Theo Khung Phạt) (Dùng Cho Các Tộ.pdf,650462,downloaded,https://www.nccourts.gov/assets/documents/forms/cr604b_0.pdf?VersionId=uMPih9oqB4gufC9MUnt3tYk0aIl7AYOC,https://www.nccourts.gov/documents/forms/judgment-suspending-sentence-misdemeanor-punishment-communityintermediate-structured-sentencing-for-offenses-committed-dec-1-2009-nov-30-2011
AOC-CR-604A,,Phán Quyết Án Treo - Hình Phạt Tiểu Hình: Phạt Trong Cộng Đồng Phạt Trung Cấp (Tuyên Án Theo Khung Phạt) (Dùng Cho Các Tội Vi Ph,"15A-1341,15A-1342,15A-1343,15A-1343.2,15A-1346","December 1, 2017",AOC-CR-604A - Phán Quyết Án Treo - Hình Phạt Tiểu Hình Phạt Trong Cộng Đồng Phạt Trung Cấp (Tuyên Án Theo Khung Phạt) (Dùng Cho Các Tộ.pdf,638527,downloaded,https://www.nccourts.gov/assets/documents/forms/cr604a_0.pdf?VersionId=phI1oFblACuSbSLxhJ.JzntvCKe1HOd0,https://www.nccourts.gov/documents/forms/judgment-suspending-sentence-misdemeanor-punishment-communityintermediate-structured-sentencing-for-offenses-committed-before-dec-1-2009
AOC-CR-603C,,Phán Quyết Án Treo - Hình Phạt Đại Hình: Phạt Trong Cộng Đồng Phạt Trung Cấ(Tuyên Án Theo Khung Phạt) (Dùng Cho Các Tội Vi Phạm,"15A-1341,15A-1342,15A-1343,15A-1343.2,15A-1346","December 1, 2017",AOC-CR-603C - Phán Quyết Án Treo - Hình Phạt Đại Hình Phạt Trong Cộng Đồng Phạt Trung Cấ(Tuyên Án Theo Khung Phạt) (Dùng Cho Các Tội V.pdf,732794,downloaded,https://www.nccourts.gov/assets/documents/forms/cr603c_0.pdf?VersionId=MNura8Xy6d08NW3._bv6bDvWGUhXPzTA,https://www.nccourts.gov/documents/forms/judgment-suspending-sentence-felony-punishment-communityintermediate-structured-sentencing-for-offenses-committed-dec-1-2011-nov-30-2016
AOC-CR-603B,,"Judgment Suspending Sentence - Felony Punishment: Community/Intermediate (Structured Sentencing) (For Offenses Committed Dec. 1,","15A-1341,15A-1342,15A-1343,15A-1343.2,15A-1346","December 1, 2017",AOC-CR-603B - Judgment Suspending Sentence - Felony Punishment CommunityIntermediate (Structured Sentencing) (For Offenses Committed D.pdf,676446,downloaded,https://www.nccourts.gov/assets/documents/forms/cr603b_0.pdf?VersionId=pGEhWoyVa3HYLbDArH4Vdgm2TZ8Tarww,https://www.nccourts.gov/documents/forms/judgment-suspending-sentence-felony-punishment-communityintermediate-structured-sentencing-for-offenses-committed-dec-1-2009-nov-30-2011
AOC-CR-336A,,Order Releasing Seized Motor Vehicle To Defendant-Owner Or Non-Defendant Motor Vehicle Owner After Disposition Of Criminal Charg,20-28.4,"December 1, 2013",AOC-CR-336A - Order Releasing Seized Motor Vehicle To Defendant-Owner Or Non-Defendant Motor Vehicle Owner After Disposition Of Crimin.pdf,140322,downloaded,https://www.nccourts.gov/assets/documents/forms/cr336a.pdf?VersionId=iRxi_.ATIpncPvBZZtd5cN60bsGWXcIl,https://www.nccourts.gov/documents/forms/order-releasing-seized-motor-vehicle-to-defendant-owner-or-non-defendant-motor-vehicle-owner-after-disposition-of-criminal-charges-impaired-driving
AOC-CR-603A,,Judgment Suspending Sentence - Felony Punishment: Community/Intermediate (Structured Sentencing) (For Offenses Committed Before,"15A-1341,15A-1342,15A-1343,15A-1343.2,15A-1346","December 1, 2017",AOC-CR-603A - Judgment Suspending Sentence - Felony Punishment CommunityIntermediate (Structured Sentencing) (For Offenses Committed B.pdf,651001,downloaded,https://www.nccourts.gov/assets/documents/forms/cr603a_0.pdf?VersionId=xH9UCncwNaVhzsr_5ftzRZJNA_ImS5Mf,https://www.nccourts.gov/documents/forms/judgment-suspending-sentence-felony-punishment-communityintermediate-structured-sentencing-for-offenses-committed-before-dec-1-2009
AOC-CR-342B,,Lái Xe Trong Tình Trạng Không Tỉnh Táo - Phán Quyết Và Lệnh Giam Tù (Dùng Cho Các Tội Vi Phạm Vào Hoặc Sau Ngày 1 Tháng Mười Hai,20-179,"December 1, 2016",AOC-CR-342B - Lái Xe Trong Tình Trạng Không Tỉnh Táo - Phán Quyết Và Lệnh Giam Tù (Dùng Cho Các Tội Vi Phạm Vào Hoặc Sau Ngày 1 Tháng.pdf,326823,downloaded,https://www.nccourts.gov/assets/documents/forms/cr342b_1.pdf?VersionId=GVRXMx__8ipF8M33o.BLFuT5vfWBn24_,https://www.nccourts.gov/documents/forms/impaired-driving-judgment-and-commitment-for-offenses-committed-dec-1-2011-nov-30-2025
AOC-CR-342A,,"Impaired Driving - Judgment And Commitment (For Offenses Committed Before Dec. 1, 2011)",20-179,"December 1, 2016","AOC-CR-342A - Impaired Driving - Judgment And Commitment (For Offenses Committed Before Dec. 1, 2011).pdf",322208,downloaded,https://www.nccourts.gov/assets/documents/forms/cr342a_0.pdf?VersionId=AAvQCJNJsilDyR.N3CRvCY2ZzknpIlz1,https://www.nccourts.gov/documents/forms/impaired-driving-judgment-and-commitment-for-offenses-committed-before-dec-1-2011
AOC-CR-338,12/15,"Notice Of Grossly Aggravating And Aggravating Factors (DWI) (For Offenses Committed On Or After Dec. 1, 2011)",20-179,"November 30, 2015","AOC-CR-338 - Notice Of Grossly Aggravating And Aggravating Factors (DWI) (For Offenses Committed On Or After Dec. 1, 2011).pdf",1315899,downloaded,https://www.nccourts.gov/assets/documents/forms/cr338-en.pdf?VersionId=7J1m.UxSlrkASIzseAXQrTl.eEpbGcMb,https://www.nccourts.gov/documents/forms/notice-of-grossly-aggravating-and-aggravating-factors-dwi-for-offenses-committed-on-or-after-dec-1-2011
AOC-CR-310B,,Conducción Bajo Los Efectos Del Alcohol O Sustancias - Fallo De Pena Suspendida (Para Delitos Cometidos Antes Del 1ro De Dic. De,20-179,"December 1, 2016",AOC-CR-310B - Conducción Bajo Los Efectos Del Alcohol O Sustancias - Fallo De Pena Suspendida (Para Delitos Cometidos Antes Del 1ro De.pdf,349392,downloaded,https://www.nccourts.gov/assets/documents/forms/cr310b_0.pdf?VersionId=XSEN6Dp3J1gR5lRTEU7LclDIDVbGlIPv,https://www.nccourts.gov/documents/forms/impaired-driving-judgment-suspending-sentence-for-offenses-committed-dec-1-2009-nov-30-2011
AOC-CR-310A,,Conducción Bajo Los Efectos Del Alcohol O Sustancias - Fallo De Pena Suspendida (Para Delitos Cometidos Antes Del 1ro De Dic. De,20-179,"December 1, 2016",AOC-CR-310A - Conducción Bajo Los Efectos Del Alcohol O Sustancias - Fallo De Pena Suspendida (Para Delitos Cometidos Antes Del 1ro De.pdf,322704,downloaded,https://www.nccourts.gov/assets/documents/forms/cr310a_0.pdf?VersionId=waKueT_z0RQnllcHIVDHDo.sy49NR9_L,https://www.nccourts.gov/documents/forms/impaired-driving-judgment-suspending-sentence-for-offenses-committed-before-dec-1-2009
AOC-CR-280,,"Law Enforcement, Private Protective Services Board, Or Security Systems Licensing Board Application For Verification Of Expuncti",15A-151,"December 1, 2017","AOC-CR-280 - Law Enforcement, Private Protective Services Board, Or Security Systems Licensing Board Application For Verification Of.pdf",941164,downloaded,https://www.nccourts.gov/assets/documents/forms/cr280_6.pdf?VersionId=JjxHymHbOkhNMndCmnLGlxin4D0QcK4C,https://www.nccourts.gov/documents/forms/law-enforcement-private-protective-services-board-or-security-systems-licensing-board-application-for-verification-of-expunction
AOC-CR-335A,,Order Forfeiting Motor Vehicle After Hearing - Impaired Driving,"20-28.2(b),20-28.2(b1),20-28.2(d),20-28.5","December 1, 2013",AOC-CR-335A - Order Forfeiting Motor Vehicle After Hearing - Impaired Driving.pdf,385452,downloaded,https://www.nccourts.gov/assets/documents/forms/cr335a-en.pdf?VersionId=.JUOFJJNO40XMWhPyizLNaPPsTWAJExx,https://www.nccourts.gov/documents/forms/order-forfeiting-motor-vehicle-after-hearing-impaired-driving
AOC-CR-279,,Hướng Dẫn Nộp Đơn Xin Và Án Lệnh Xóa Hồ Sơ Tiền Án Chiếu Theo G.S. 15A-145.4 (Dành Cho Người Dưới 18 Tuổi Phạm Tội Đại Hình Khôn,"15A-145.4,15A-150","December 1, 2017",AOC-CR-279 - Hướng Dẫn Nộp Đơn Xin Và Án Lệnh Xóa Hồ Sơ Tiền Án Chiếu Theo G.S. 15A-145.4 (Dành Cho Người Dưới 18 Tuổi Phạm Tội Đại H.pdf,285388,downloaded,https://www.nccourts.gov/assets/documents/forms/cr279_5.pdf?VersionId=q288xuyQoBPuxHJ8mhLneCKPa5FANh9Z,https://www.nccourts.gov/documents/forms/petition-and-order-of-expunction-under-gs-15a-1454-nonviolent-felony-under-age-18-instructions-for-petition-and-order-of-expunction-under-gs-15a-1454-nonviolent-felony-under-age-18
AOC-CR-278,,"Felony Speeding To Elude - Vehicle Seizure Order Of Forfeiture (For Offenses Committed Dec. 1, 2011 - Nov. 30, 2013)",20-141.5,"December 1, 2013","AOC-CR-278 - Felony Speeding To Elude - Vehicle Seizure Order Of Forfeiture (For Offenses Committed Dec. 1, 2011 - Nov. 30, 2013).pdf",669635,downloaded,https://www.nccourts.gov/assets/documents/forms/cr278-en.pdf?VersionId=I8ql0oienR6vL8l2JH1ydF1CjFoEQHG0,https://www.nccourts.gov/documents/forms/felony-speeding-to-elude-vehicle-seizure-order-of-forfeiture-for-offenses-committed-dec-1-2011-nov-30-2013
AOC-CR-277,,"Felony Speeding To Elude - Vehicle Seizure Owner's Petition For Release And Order Of Court (For Offenses Committed Dec. 1, 2011",20-141.5,"December 1, 2013",AOC-CR-277 - Felony Speeding To Elude - Vehicle Seizure Owner's Petition For Release And Order Of Court (For Offenses Committed Dec.pdf,700618,downloaded,https://www.nccourts.gov/assets/documents/forms/cr277-en.pdf?VersionId=oBt3wsIysUnrZ5jnjzeyKMk3CahRnKbI,https://www.nccourts.gov/documents/forms/felony-speeding-to-elude-vehicle-seizure-owners-petition-for-release-and-order-of-court-for-offenses-committed-dec-1-2011-nov-30-2013
AOC-CR-276,,Felony Speeding To Elude - Vehicle Seizure Lienholder's Petition for Release Of Motor Vehicle And Order Of Court (For Offenses C,20-141.5,"December 1, 2013",AOC-CR-276 - Felony Speeding To Elude - Vehicle Seizure Lienholder's Petition for Release Of Motor Vehicle And Order Of Court (For Of.pdf,667378,downloaded,https://www.nccourts.gov/assets/documents/forms/cr276-en.pdf?VersionId=GQi80LQd36L3gZtu.3ePrnC9et8E8yIx,https://www.nccourts.gov/documents/forms/felony-speeding-to-elude-vehicle-seizure-lienholders-petition-for-release-of-motor-vehicle-and-order-of-court-for-offenses-committed-dec-1-2011-nov-30-2013
AOC-CR-275,,Felony Speeding To Elude - Vehicle Seizure NonDefendant Owner's Petition For Pretrial Release As An Innocent Owner And Order of,20-141.5,"December 1, 2013",AOC-CR-275 - Felony Speeding To Elude - Vehicle Seizure NonDefendant Owner's Petition For Pretrial Release As An Innocent Owner And O.pdf,678399,downloaded,https://www.nccourts.gov/assets/documents/forms/cr275-en.pdf?VersionId=YsDja64j7pbsb8JwEda4ntScRIg1tb73,https://www.nccourts.gov/documents/forms/felony-speeding-to-elude-vehicle-seizure-nondefendant-owners-petition-for-pretrial-release-as-an-innocent-owner-and-order-of-clerk-for-offenses-committed-dec-1-2011-nov-30-2013
AOC-CR-273,,"Hướng Dẫn Cách Điền Đơn Kiến Nghị Và Lệnh Tòa Về Giấy Miễn Hình Phạt Dân Sự, Mẫu AOC-CR-273","15A-173.1,15A-173.2,15A-173.3,15A-173.4,15A-173.5,15A-173.6","June 1, 2012","AOC-CR-273 - Hướng Dẫn Cách Điền Đơn Kiến Nghị Và Lệnh Tòa Về Giấy Miễn Hình Phạt Dân Sự, Mẫu AOC-CR-273.pdf",327234,downloaded,https://www.nccourts.gov/assets/documents/forms/cr273_3.pdf?VersionId=2NfdTGHJO_22wWezt5aW2OgdfqoVTIdw,https://www.nccourts.gov/documents/forms/certificate-of-relief-petition-and-order-instructions-for-certificate-of-relief-petition-and-order
AOC-CR-334A,,Lienholder's Petition For Release Of Seized Motor Vehicle Notice Of Hearing/Waiver And Order - Impaired Driving,"20-28.2(d),20-28.2(f),20-28.3(e3)","December 1, 2013",AOC-CR-334A - Lienholder's Petition For Release Of Seized Motor Vehicle Notice Of HearingWaiver And Order - Impaired Driving.pdf,186772,downloaded,https://www.nccourts.gov/assets/documents/forms/cr334a.pdf?VersionId=R.Wv5v.WCUtX.UrqxFt2a_4gtQ3BZtWA,https://www.nccourts.gov/documents/forms/lienholders-petition-for-release-of-seized-motor-vehicle-notice-of-hearingwaiver-and-order-impaired-driving
AOC-CR-231,,Order For Expert Witness Fee In Criminal Cases At The Trial Level,"7A-300, 7A-314, 7A-343, 7A-454, 8C-702","March 1, 2015",AOC-CR-231 - Order For Expert Witness Fee In Criminal Cases At The Trial Level.pdf,371500,downloaded,https://www.nccourts.gov/assets/documents/forms/cr231.pdf?VersionId=XH2l8KoqZs8S9NrgZTjwxcwWiQEaHqcG,https://www.nccourts.gov/documents/forms/order-for-expert-witness-fee-in-criminal-cases-at-the-trial-level
AOC-CR-230,,Application For Expert Witness Fee In Criminal Cases At The Trial Level,"7A-300, 7A-314, 7A-343, 7A-454, 8C-702","March 1, 2017",AOC-CR-230 - Application For Expert Witness Fee In Criminal Cases At The Trial Level.pdf,180253,downloaded,https://www.nccourts.gov/assets/documents/forms/cr230-en.pdf?VersionId=j4Oeco.4isMWkndIazeKiZIbbDALLf1S,https://www.nccourts.gov/documents/forms/application-for-expert-witness-fee-in-criminal-cases-at-the-trial-level
AOC-CR-333A,,Defendant Owner's Petition For Release Of Seized Vehicle And Order - Impaired Driving,20-28.3(e2)(1),"December 1, 2013",AOC-CR-333A - Defendant Owner's Petition For Release Of Seized Vehicle And Order - Impaired Driving.pdf,252670,downloaded,https://www.nccourts.gov/assets/documents/forms/cr333a.pdf?VersionId=gasmlanVvOXn03zpPQok2EARnaUJwP95,https://www.nccourts.gov/documents/forms/defendant-owners-petition-for-release-of-seized-vehicle-and-order-impaired-driving
AOC-CR-600,,Các Tiền Án (Tiếp Theo),,"July 18, 2018",AOC-CR-600 - Các Tiền Án (Tiếp Theo).pdf,180519,downloaded,https://www.nccourts.gov/assets/documents/forms/cr600-continuation.pdf?VersionId=UjxjRHF4vstGYwIakwkHon9RcRo26r3X,https://www.nccourts.gov/documents/forms/worksheet-prior-record-level-continuation-page
AOC-CR-332A,,ORDEN SOBRE LA SOLICITUD DE ENTREGA AL DUEÑO DE VEHÍCULO MOTORIZADO INCAUTADO QUE NO ES ACUSADO - MANEJAR BAJO LOS EFECTOS DEL A,"20-28.2(e),20-28.3(e),20-28.3(e1)","December 1, 2013",AOC-CR-332A - ORDEN SOBRE LA SOLICITUD DE ENTREGA AL DUEÑO DE VEHÍCULO MOTORIZADO INCAUTADO QUE NO ES ACUSADO - MANEJAR BAJO LOS EFECT.pdf,199560,downloaded,https://www.nccourts.gov/assets/documents/forms/cr332a.pdf?VersionId=RJQ70V944X.4vDTdvLGJ81eeSUatvL2v,https://www.nccourts.gov/documents/forms/order-on-non-defendant-owners-petitionapplication-for-release-of-seized-motor-vehicle-impaired-driving
AOC-CR-922,,Lệnh Thả Trẻ Vị Thành Niên Trong Vụ Án Được Chuyển Lên Tòa Thượng Thẩm Để Xét Xử,"7B-2204,15A-533,15A-534","December 1, 2012",AOC-CR-922 - Lệnh Thả Trẻ Vị Thành Niên Trong Vụ Án Được Chuyển Lên Tòa Thượng Thẩm Để Xét Xử.pdf,267903,downloaded,https://www.nccourts.gov/assets/documents/forms/cr922_1.pdf?VersionId=SGs7fWOkDOH46ug1anRyWTjy3WiiKWsa,https://www.nccourts.gov/documents/forms/release-order-for-juvenile-transferred-to-superior-court-for-trial
AOC-CR-200,,Các Điều Kiện Để Được Tại Ngoại Và Lệnh Tha Tù,"Ch. 15A Art. 25, Ch.15A Art. 26","November 30, 2016",AOC-CR-200 - Các Điều Kiện Để Được Tại Ngoại Và Lệnh Tha Tù.pdf,278156,downloaded,https://www.nccourts.gov/assets/documents/forms/cr200_2.pdf?VersionId=wODU4eJO8zn5H96yFFe.G2hoISXUmjA2,https://www.nccourts.gov/documents/forms/conditions-of-release-and-release-order
AOC-CR-324A,,Prosecutor's Notice Of Forfeiture Hearing - Impaired Driving,20-28.3(c),"December 1, 2013",AOC-CR-324A - Prosecutor's Notice Of Forfeiture Hearing - Impaired Driving.pdf,912849,downloaded,https://www.nccourts.gov/assets/documents/forms/cr324a-en.pdf?VersionId=KMINhK0dXe62QqeJ7LWpwhBci30e.P_u,https://www.nccourts.gov/documents/forms/prosecutors-notice-of-forfeiture-hearing-impaired-driving
AOC-CR-381,,Criminal Bill Of Costs (Superior),,"August 1, 2017",AOC-CR-381 - Criminal Bill Of Costs (Superior).pdf,233314,downloaded,https://www.nccourts.gov/assets/documents/forms/cr381_1.pdf?VersionId=pdEKBW0.vwphkoajS27duIqgfx5qMT3k,https://www.nccourts.gov/documents/forms/criminal-bill-of-costs
AOC-CR-265,,Petition And Order Of Expunction Under G.S. 15A-149 (Pardon Of Innocence),"15A-149,15A-150","December 1, 2017",AOC-CR-265 - Petition And Order Of Expunction Under G.S. 15A-149 (Pardon Of Innocence).pdf,234449,downloaded,https://www.nccourts.gov/assets/documents/forms/cr265_2.pdf?VersionId=.ljs3fdthnWN8BKIb7urmlqOWfSt_P6h,https://www.nccourts.gov/documents/forms/petition-and-order-of-expunction-under-gs-15a-149-pardon-of-innocence
AOC-CR-263,,Petition And Order Of Expunction Under G.S. 15A-147(a) (Identity Theft),"15A-147, 15A-150","December 1, 2017",AOC-CR-263 - Petition And Order Of Expunction Under G.S. 15A-147(a) (Identity Theft).pdf,253660,downloaded,https://www.nccourts.gov/assets/documents/forms/cr263_2.pdf?VersionId=EDxGHYSZb_B8r0C5wKHrQUThpDVK_vHW,https://www.nccourts.gov/documents/forms/petition-and-order-of-expunction-under-gs-15a-147a-identity-theft
AOC-CR-269,,Instructions For Petition And Order Of Expunction Under G.S. 15A-145.1 (Gang Offenses),"15A-145.1,15A-150","December 1, 2017",AOC-CR-269 - Instructions For Petition And Order Of Expunction Under G.S. 15A-145.1 (Gang Offenses).pdf,300635,downloaded,https://www.nccourts.gov/assets/documents/forms/cr269_5.pdf?VersionId=3yfmpJX3zuyc.gAyJTRIMOjPM0Du1j.o,https://www.nccourts.gov/documents/forms/petition-and-order-of-expunction-under-gs-15a-1451-gang-offenses-instructions-for-petition-and-order-of-expunction-under-gs-15a-1451-gang-offenses
AOC-CR-425,,Capital Case Fee Application Order For Payment Judgment Against Indigent,"7A Art. 36,7A Art. 37,15A","November 1, 2014",AOC-CR-425 - Capital Case Fee Application Order For Payment Judgment Against Indigent.pdf,514958,downloaded,https://www.nccourts.gov/assets/documents/forms/cr425%2010-29-2024%200845hrs.pdf?VersionId=cOaP_r6J5DTuWS10pTMcGKUT5nAEp3zs,https://www.nccourts.gov/documents/forms/capital-case-fee-application-order-for-payment-judgment-against-indigent
AOC-CR-225,,Đơn Yêu Cầu Thanh Toán Phí Luật Sư Cho Vụ Án Hình Sự Sơ Thẩm Không Phạt Tử Hình Lệnh Thanh Toán Phán Quyết Yêu Cầu Người Nghèo T,"Ch. 7A Art. 36, 122C-268(d), 122C-286(d)","September 1, 2015",AOC-CR-225 - Đơn Yêu Cầu Thanh Toán Phí Luật Sư Cho Vụ Án Hình Sự Sơ Thẩm Không Phạt Tử Hình Lệnh Thanh Toán Phán Quyết Yêu Cầu Người.pdf,569118,downloaded,https://www.nccourts.gov/assets/documents/forms/cr225_1.pdf?VersionId=BLHgLUCF3j3Nz3JJP5IuOXyixsx3xiYr,https://www.nccourts.gov/documents/forms/non-capital-criminal-case-trial-level-fee-application-order-for-payment-judgment-against-indigent
AOC-CR-320,,Judgment Modifying Time Periods Of Probation After Termination Of Appeal,"15A-1431,15A-1443,15A-1450","December 1, 2006",AOC-CR-320 - Judgment Modifying Time Periods Of Probation After Termination Of Appeal.pdf,70917,downloaded,https://www.nccourts.gov/assets/documents/forms/cr320-en.pdf?VersionId=vwI8_2XlEhvRkAI1gVJxCnQIIBYd9bRf,https://www.nccourts.gov/documents/forms/judgment-modifying-time-periods-of-probation-after-termination-of-appeal
AOC-CR-300A,,Phần Trả Lời Cáo Trạng Phụ Lục,,"July 18, 2018",AOC-CR-300A - Phần Trả Lời Cáo Trạng Phụ Lục.pdf,108727,downloaded,https://www.nccourts.gov/assets/documents/forms/cr300a_0.pdf?VersionId=3fTPRaIy6KtIbm3eSyLTv0Oy4LDLvRZG,https://www.nccourts.gov/documents/forms/transcript-of-plea-addendum
AOC-CR-612A,,Restitution Update Worksheet Addendum (Revocation Or Termination Of Probation),15A-1340.38,"March 1, 2010",AOC-CR-612A - Restitution Update Worksheet Addendum (Revocation Or Termination Of Probation).pdf,718571,downloaded,https://www.nccourts.gov/assets/documents/forms/cr612a-en.pdf?VersionId=hnP8IgZ78QtIuipwHDmzOrWR0ACWKKnI,https://www.nccourts.gov/documents/forms/restitution-update-worksheet-addendum-revocation-or-termination-of-probation
AOC-CR-611A,,Phụ Lục Của Bảng Tình Tiền Bồi Thường (Tuyên Án Lần Đầu),"15A-1340.34,15A-1340.35,15A-1340.36,15A-1340.37,15A-1340.38,15A-1343(d)","March 1, 2017",AOC-CR-611A - Phụ Lục Của Bảng Tình Tiền Bồi Thường (Tuyên Án Lần Đầu).pdf,272712,downloaded,https://www.nccourts.gov/assets/documents/forms/cr611a.pdf?VersionId=vCNITwbhY2sfmVax4jIOnZKaNxAJV81C,https://www.nccourts.gov/documents/forms/restitution-worksheet-addendum-initial-sentencing
AOC-CR-382,,Certification Of Identity (Victims' Restitution); Certification Of Identity (Witness Attendance),,"March 1, 2015",AOC-CR-382 - Certification Of Identity (Victims' Restitution); Certification Of Identity (Witness Attendance).pdf,972414,downloaded,https://www.nccourts.gov/assets/documents/forms/cr382-en.pdf?VersionId=094kyo.vY6dQXK9MsGr6xqZT8dIHBtNs,https://www.nccourts.gov/documents/forms/certification-of-identity-victims-restitution-certification-of-identity-witness-attendance
AOC-CR-344,,Notice Of Intent To Use Chemical Analyst's Affidavit - Breath; Notice Of Intent To Use Chemical Analyst's Affidavit And Chain Of,"20-139.1(e1),20-139.1(e2)","October 1, 2016",AOC-CR-344 - Notice Of Intent To Use Chemical Analyst's Affidavit - Breath; Notice Of Intent To Use Chemical Analyst's Affidavit And.pdf,1077005,downloaded,https://www.nccourts.gov/assets/documents/forms/cr344-en.pdf?VersionId=z6CbfYEQcn9zKzWX9QJT4yPVRUZ.8t5H,https://www.nccourts.gov/documents/forms/notice-of-intent-to-use-chemical-analysts-affidavit-breath-notice-of-intent-to-use-chemical-analysts-affidavit-and-chain-of-custody-statement-blood-or-urine
AOC-CR-268,,Instructions For Petition And Order Of Expunction Under G.S. 15A-145.3 (Toxic Vapors/Drug Paraphernalia),"15A-145.3,15A-150","December 1, 2017",AOC-CR-268 - Instructions For Petition And Order Of Expunction Under G.S. 15A-145.3 (Toxic VaporsDrug Paraphernalia).pdf,287595,downloaded,https://www.nccourts.gov/assets/documents/forms/cr268_5.pdf?VersionId=CZQxEDpyxZDvrvuNk97u3yot6Fg3...H,https://www.nccourts.gov/documents/forms/petition-and-order-of-expunction-under-gs-15a-1453-toxic-vaporsdrug-paraphernalia-instructions-for-petition-and-order-of-expunction-under-gs-15a-1453-toxic-vaporsdrug-paraphernalia
AOC-CR-213,,Bond Forfeiture Notice,"15A-544.3, 15A-544.4, 15A-544.5","September 30, 2018",AOC-CR-213 - Bond Forfeiture Notice.pdf,271421,downloaded,https://www.nccourts.gov/assets/documents/forms/cr213_2.pdf?VersionId=ZsfGR1A7UK4iFnecOrlmy6FCkeyKy8BY,https://www.nccourts.gov/documents/forms/bond-forfeiture-notice
AOC-CR-318,,Limited Driving Privilege Felony Conviction,"15A-1331.1,20-15.1,20-179.3","October 1, 2015",AOC-CR-318 - Limited Driving Privilege Felony Conviction.pdf,147318,downloaded,https://www.nccourts.gov/assets/documents/forms/cr318.pdf?VersionId=aVLSgQKOFPSYEkEzeEULu3UVWt5PnIIw,https://www.nccourts.gov/documents/forms/limited-driving-privilege-felony-conviction
AOC-CR-600A,,Bảng Tính Mức Hồ Sơ Tiền Án Khi Tuyên Án Tội Đại Hình Và Mức Tái Phạm Khi Tuyên Án Tội Tiểu Hình (Tuyên Án Theo Khung Phạt) (Dùn,"15A-1340.14,15A-1340.21","July 18, 2018",AOC-CR-600A - Bảng Tính Mức Hồ Sơ Tiền Án Khi Tuyên Án Tội Đại Hình Và Mức Tái Phạm Khi Tuyên Án Tội Tiểu Hình (Tuyên Án Theo Khung Ph.pdf,302187,downloaded,https://www.nccourts.gov/assets/documents/forms/cr600a_0.pdf?VersionId=2jloLjZtpEDrK0o88Tg4fMrEaKr6oBIs,https://www.nccourts.gov/documents/forms/worksheet-prior-record-level-for-felony-sentencing-and-prior-conviction-level-for-misdemeanor-sentencing-structured-sentencing-for-offenses-committed-before-dec-1-2009
AOC-CR-272,,Giam Giữ Người Bị Bắt Vì Phạm Tội Đại Hình Trong Thời Gian Quản Chế; Giam Giữ Bị Cáo Đang Chờ Xử Tội Đại Hình Hoặc Có Tiền Án Ph,15A-534(d2),"March 1, 2010",AOC-CR-272 - Giam Giữ Người Bị Bắt Vì Phạm Tội Đại Hình Trong Thời Gian Quản Chế; Giam Giữ Bị Cáo Đang Chờ Xử Tội Đại Hình Hoặc Có Ti.pdf,102526,downloaded,https://www.nccourts.gov/assets/documents/forms/cr272ff%209-5-2024.pdf?VersionId=ttElzLGYWwdeTBVn3jHB8EoIZwS9eP4v,https://www.nccourts.gov/documents/forms/detention-of-probationer-arrested-for-felony-detention-of-defendant-arrested-for-probation-violation-with-pending-felony-or-prior-sex-offense
AOC-CR-620,12/11,Lệnh Cấm Tiếp Xúc Dài Hạn Dành Cho Người Bị Kết Án Phạm Tội Tình Dục (Dùng Cho Các Tội Vi Phạm Vào Hoặc Sau Ngày 1 Tháng Mười Ha,15A-1340.50,"December 1, 2011",AOC-CR-620 - Lệnh Cấm Tiếp Xúc Dài Hạn Dành Cho Người Bị Kết Án Phạm Tội Tình Dục (Dùng Cho Các Tội Vi Phạm Vào Hoặc Sau Ngày 1 Tháng.pdf,203111,downloaded,https://www.nccourts.gov/assets/documents/forms/cr620.pdf?VersionId=pcQpy38Bj2OmTSTO2BPMTt53u0sMtsx5,https://www.nccourts.gov/documents/forms/convicted-sex-offender-permanent-no-contact-order-for-offenses-committed-dec-1-2009-nov-30-2025
AOC-CR-315,,Judgment And Commitment Upon Revocation Of Probation (Or Election To Serve Sentence),"15A-1341(c),15A-1344,15A-1345","February 1, 2014",AOC-CR-315 - Judgment And Commitment Upon Revocation Of Probation (Or Election To Serve Sentence).pdf,334729,downloaded,https://www.nccourts.gov/assets/documents/forms/cr315_0.pdf?VersionId=4L2EJUybHiG3PDvYm7CauAsxGlgGxoKz,https://www.nccourts.gov/documents/forms/judgment-and-commitment-upon-revocation-of-probation-or-election-to-serve-sentence
AOC-CR-123,,BẢN CÁO TRẠNG,15A-644,"January 1, 2013",AOC-CR-123 - BẢN CÁO TRẠNG.pdf,197048,downloaded,https://www.nccourts.gov/assets/documents/forms/cr123_1.pdf?VersionId=KcV_gQul9OtwTZNmCJCxi257GOYcwUGu,https://www.nccourts.gov/documents/forms/information
AOC-CR-120,,BẢN CÁO TRẠNG TIỂU HÌNH,15A-922,"April 19, 2018",AOC-CR-120 - BẢN CÁO TRẠNG TIỂU HÌNH.pdf,170639,downloaded,https://www.nccourts.gov/assets/documents/forms/cr120_0.pdf?VersionId=tN2CctYVVXCIU8d9c6IQXYVRdgu.CgyQ,https://www.nccourts.gov/documents/forms/misdemeanor-statement-of-charges
AOC-CR-261,,Thông Báo Về Yêu Cầu Đăng Ký Vào Danh Sách Những Người Phạm Tội Tình Dục (Khi Bị Cáo Không Phải Nhận Án Tù),"14-208.7, 14-208.8, 14-208.21, 14-208.22","July 1, 2017",AOC-CR-261 - Thông Báo Về Yêu Cầu Đăng Ký Vào Danh Sách Những Người Phạm Tội Tình Dục (Khi Bị Cáo Không Phải Nhận Án Tù).pdf,278949,downloaded,https://www.nccourts.gov/assets/documents/forms/cr261_3.pdf?VersionId=Ypv59cT8EDQaYjgTXbXZkpuQ5RF.pZiy,https://www.nccourts.gov/documents/forms/notification-of-requirement-to-register-as-sex-offender-when-defendant-does-not-receive-active-term-of-imprisonment
AOC-CR-343,1/23,"Impaired Driving Judgment And Commitment Upon Revocation Of Probation (For Offenses Committed Before Dec. 1, 2025)","15A-1344,15A-1345","December 1, 2015","AOC-CR-343 - Impaired Driving Judgment And Commitment Upon Revocation Of Probation (For Offenses Committed Before Dec. 1, 2025).pdf",303717,downloaded,https://www.nccourts.gov/assets/documents/forms/cr343_1.pdf?VersionId=0LffOcinP2qQcDTOGGxkFBYsaL39vrXx,https://www.nccourts.gov/documents/forms/impaired-driving-judgment-and-commitment-upon-revocation-of-probation-for-offenses-committed-before-dec-1-2025
AOC-CR-321B,,Lệnh Chuyển Lại Tòa Cấp Dưới Vụ Án Không Liên Quan Đến Luật Về Sự Ưng Thuận Mặc Nhiên (Dùng Cho Các Đơn Kháng Cáo Được Nộp Vào H,15A-1431(h),"March 1, 2016",AOC-CR-321B - Lệnh Chuyển Lại Tòa Cấp Dưới Vụ Án Không Liên Quan Đến Luật Về Sự Ưng Thuận Mặc Nhiên (Dùng Cho Các Đơn Kháng Cáo Được N.pdf,150883,downloaded,https://www.nccourts.gov/assets/documents/forms/cr321b-en.pdf?VersionId=9L.Ea6pGtOe4RIa73qzpN_Ya9uGZF3bG,https://www.nccourts.gov/documents/forms/order-of-remand-in-non-implied-consent-offense-cases-for-appeals-filed-on-or-after-dec-1-2015-withdrawal-of-appeal-order-of-remand-implied-consent-offenses-for-appeals-filed-on-or-after-dec-1-2015
AOC-CR-616,,Judicial Findings And Order As To Satellite-Based Monitoring When There Has Been No Prior Determination,"14-208.40A,14-208.40B","December 1, 2015",AOC-CR-616 - Judicial Findings And Order As To Satellite-Based Monitoring When There Has Been No Prior Determination.pdf,249023,downloaded,https://www.nccourts.gov/assets/documents/forms/cr616_2.pdf?VersionId=ID.bbIq0.6AOK9QbDR0ctmzQ68d9D14T,https://www.nccourts.gov/documents/forms/judicial-findings-and-order-as-to-satellite-based-monitoring-when-there-has-been-no-prior-determination
AOC-CR-618,,Additional Findings,,"December 1, 2008",AOC-CR-618 - Additional Findings.pdf,29034,downloaded,https://www.nccourts.gov/assets/documents/forms/cr618-en.pdf?VersionId=U6__9rPG8uc6W7Ha1Ea43hduDccbGYu3,https://www.nccourts.gov/documents/forms/additional-findings
AOC-CR-615,,Các Xác Nhận Và Lệnh Của Tòa Án Về Người Phạm Tội Tình Dục - Bản Án Tù; Các Xác Nhận Và Lệnh Của Tòa Án Về Người Phạm Tội Tình D,"Ch.14, Art. 27A","March 1, 2017",AOC-CR-615 - Các Xác Nhận Và Lệnh Của Tòa Án Về Người Phạm Tội Tình Dục - Bản Án Tù; Các Xác Nhận Và Lệnh Của Tòa Án Về Người Phạm Tộ.pdf,290442,downloaded,https://www.nccourts.gov/assets/documents/forms/cr615_3.pdf?VersionId=I8PeiRwYfnalEph2TVaBcVFr5o0hxxOh,https://www.nccourts.gov/documents/forms/judicial-findings-and-order-for-sex-offenders-active-punishment-judicial-findings-and-order-for-sex-offenders-suspended-sentence
AOC-CR-609,,Lệnh Về Việc Xử Lý Vi Phạm Quản Chế Hoặc Về Kiến Nghị Sửa Đổi Quản Chế (Đối Với Tất Cả Các Trường Hợp Sửa Đổi Vào Hoặc Sau Ngày,"15A-1344,15A-1345","December 1, 2017",AOC-CR-609 - Lệnh Về Việc Xử Lý Vi Phạm Quản Chế Hoặc Về Kiến Nghị Sửa Đổi Quản Chế (Đối Với Tất Cả Các Trường Hợp Sửa Đổi Vào Hoặc S.pdf,525051,downloaded,https://www.nccourts.gov/assets/documents/forms/cr609_1.pdf?VersionId=8UpfehqWOhFS5JFzsnoddTEYDSLgxLgU,https://www.nccourts.gov/documents/forms/order-on-violation-of-probation-or-on-motion-to-modify-for-all-modifications-on-or-after-dec-1-2011
AOC-CR-312,,Đặc Quyền Lái Xe Có Giới Hạn Cho Người Lái Xe Trong Tình Trạng Không Tỉnh Táo Hoặc Trong Khi Có Chai Lọ Mở Trong Xe Hoặc Cho Vị,"20-17.3,20-179.3,20-138.3(d),20-138.7(h)","October 1, 2015",AOC-CR-312 - Đặc Quyền Lái Xe Có Giới Hạn Cho Người Lái Xe Trong Tình Trạng Không Tỉnh Táo Hoặc Trong Khi Có Chai Lọ Mở Trong Xe Hoặc.pdf,214198,downloaded,https://www.nccourts.gov/assets/documents/forms/cr312.pdf?VersionId=vFkXe68.CAK1v1LdGZKw1txHDLTMklKV,https://www.nccourts.gov/documents/forms/limited-driving-privilege-impaired-driving-or-open-container-or-underage-alcohol-violation-nc-convictions-only
AOC-CR-608,1/23,Phán Quyết Và Lệnh Giam Tù Sau Khi Hủy Bỏ Lệnh Quản Chế - Tội Tiểu Hình (Tuyên Án Theo Khung Phạt) (Dành Cho Các Phiên Tòa Hủy B,"15A-1344,15A-1345","December 1, 2015",AOC-CR-608 - Phán Quyết Và Lệnh Giam Tù Sau Khi Hủy Bỏ Lệnh Quản Chế - Tội Tiểu Hình (Tuyên Án Theo Khung Phạt) (Dành Cho Các Phiên T.pdf,379316,downloaded,https://www.nccourts.gov/assets/documents/forms/cr608_1.pdf?VersionId=wLMtFojZge4vgEUgdrGkKXcU.wwzWtYC,https://www.nccourts.gov/documents/forms/judgment-and-commitment-upon-revocation-of-probation-misdemeanor-structured-sentencing-for-offenses-committed-before-dec-1-2025
AOC-CR-607,1/23,"Judgment And Commitment Upon Revocation Of Probation - Felony (Structured Sentencing) (For Offenses Committed Before Dec. 1, 202","15A-1344,15A-1345","December 1, 2013",AOC-CR-607 - Judgment And Commitment Upon Revocation Of Probation - Felony (Structured Sentencing) (For Offenses Committed Before Dec.pdf,379256,downloaded,https://www.nccourts.gov/assets/documents/forms/cr607_0.pdf?VersionId=y99b.EouuV9zJm46aBxJMByzwYpmFCWp,https://www.nccourts.gov/documents/forms/judgment-and-commitment-upon-revocation-of-probation-felony-structured-sentencing-for-offenses-committed-before-dec-1-2025
AOC-CR-605,,Felony Judgment Findings Of Aggravating And Mitigating Factors (Structured Sentencing),15A-1340.16,"December 1, 2017",AOC-CR-605 - Felony Judgment Findings Of Aggravating And Mitigating Factors (Structured Sentencing).pdf,324834,downloaded,https://www.nccourts.gov/assets/documents/forms/cr605_2.pdf?VersionId=ecnDpiQ0IB3YAJKAKSmd.DRIYGSXoeZA,https://www.nccourts.gov/documents/forms/felony-judgment-findings-of-aggravating-and-mitigating-factors-structured-sentencing
AOC-CR-602,1/23,Phán Quyết Và Lệnh Giam Tù - Tội Tiểu Hình Bản Án Tù (Tuyên Án Theo Khung Phạt) (Đối Với Các Tội Kết Án Vào Hoặc Sau Ngày 1 Thán,"15A-1301,15A-1340.20","December 1, 2017",AOC-CR-602 - Phán Quyết Và Lệnh Giam Tù - Tội Tiểu Hình Bản Án Tù (Tuyên Án Theo Khung Phạt) (Đối Với Các Tội Kết Án Vào Hoặc Sau Ngà.pdf,386919,downloaded,https://www.nccourts.gov/assets/documents/forms/cr602_0.pdf?VersionId=Bz83SSOYJYHfZ3Dilc_I_fgvFjY_du5v,https://www.nccourts.gov/documents/forms/judgment-and-commitment-misdemeanor-active-punishment-structured-sentencing-for-offenses-committed-before-dec-1-2025
AOC-CR-601,12/23,Phán Quyết Và Lệnh Giam Tù Bản Án Tù - Tội Đại Hình (Tuyên Án Theo Khung Phạt) (Đối Với Các Tội Kết Án Vào Hoặc Sau Ngày 1 Thán,"15A-1301,15A-1340.13","December 1, 2017",AOC-CR-601 - Phán Quyết Và Lệnh Giam Tù Bản Án Tù - Tội Đại Hình (Tuyên Án Theo Khung Phạt) (Đối Với Các Tội Kết Án Vào Hoặc Sau Ngày.pdf,424384,downloaded,https://www.nccourts.gov/assets/documents/forms/cr601_2.pdf?VersionId=AZVz5loyMN8FQUMmGg3Ps.va3zv8XToV,https://www.nccourts.gov/documents/forms/judgment-and-commitment-active-punishment-felony-structured-sentencing-for-offenses-committed-before-dec-1-2025
AOC-CR-311,12/07,"Impaired Driving Determination Of Sentencing Factors (For Offenses Committed Before Dec. 1, 2011)",20-179,"December 1, 2007","AOC-CR-311 - Impaired Driving Determination Of Sentencing Factors (For Offenses Committed Before Dec. 1, 2011).pdf",281225,downloaded,https://www.nccourts.gov/assets/documents/forms/cr311_1207.pdf?VersionId=rQKBROsW0CGC7WQhhBETBBa8lBSpYW2A,https://www.nccourts.gov/documents/forms/impaired-driving-determination-of-sentencing-factors-for-offenses-committed-before-dec-1-2011
AOC-CR-631,,Các Điều Kiện Tại Ngoại Áp Dụng Cho Người Bị Buộc Tội Tình Dục Hay Tội Bạo Lực Đối Với Nạn Nhân Trẻ Em,15A-534.4,"December 1, 2015",AOC-CR-631 - Các Điều Kiện Tại Ngoại Áp Dụng Cho Người Bị Buộc Tội Tình Dục Hay Tội Bạo Lực Đối Với Nạn Nhân Trẻ Em.pdf,252754,downloaded,https://www.nccourts.gov/assets/documents/forms/cr631-en.pdf?VersionId=SCm72OcGzeIj1zMMA2HmAVflMu47XC4G,https://www.nccourts.gov/documents/forms/conditions-of-release-for-person-charged-with-sex-offense-or-crime-of-violence-against-child-victim
AOC-CR-630,,Điều Kiện Tại Ngoại Áp Dụng Cho Người Bị Ghép Tội Bạo Lực Gia Đình,15A-534.1,"December 1, 2015",AOC-CR-630 - Điều Kiện Tại Ngoại Áp Dụng Cho Người Bị Ghép Tội Bạo Lực Gia Đình.pdf,180121,downloaded,https://www.nccourts.gov/assets/documents/forms/cr630.pdf?VersionId=y.1P5a8sxTmerlK2qRbWbAx38rBMy_0K,https://www.nccourts.gov/documents/forms/conditions-of-release-for-person-charged-with-a-crime-of-domestic-violence
AOC-CR-308,,Lệnh Về Vụ Án Dân Sự Hay Hình Sự Liên Quan Đến Tiền Cấp Dưỡng Con,"50-13.9,52A-13","June 1, 1997",AOC-CR-308 - Lệnh Về Vụ Án Dân Sự Hay Hình Sự Liên Quan Đến Tiền Cấp Dưỡng Con.pdf,43450,downloaded,https://www.nccourts.gov/assets/documents/forms/cr308-en.pdf?VersionId=pTLzYEjdNsJxv4q93RSV7816hTDOaitB,https://www.nccourts.gov/documents/forms/order-in-civil-or-criminal-support-action
AOC-CR-700,,Report Of Mediator,"7A-38.3D,7A-38.5,7A-38.7","December 1, 2012",AOC-CR-700 - Report Of Mediator.pdf,151253,downloaded,https://www.nccourts.gov/assets/documents/forms/cr700_0.pdf?VersionId=xwH6U..73zoYyt4IoB9k91KYDTzUnW5q,https://www.nccourts.gov/documents/forms/report-of-mediator
AOC-CR-266,,Instructions For Petition And Order Of Expunction Under G.S. 15A-145.2 (Drugs/Drug Paraphernalia),15A-145.2,"April 6, 2018",AOC-CR-266 - Instructions For Petition And Order Of Expunction Under G.S. 15A-145.2 (DrugsDrug Paraphernalia).pdf,295604,downloaded,https://www.nccourts.gov/assets/documents/forms/cr266_5.pdf?VersionId=yVj8FCbqGck412aDQlTErO8Fz3zz.Xxs,https://www.nccourts.gov/documents/forms/petition-and-order-of-expunction-under-gs-15a-1452-drugsdrug-paraphernalia-instructions-for-petition-and-order-of-expunction-under-gs-15a-1452-drugsdrug-paraphernalia
AOC-CR-307A,,Mẫu Hủy Bỏ Vụ Án Thông Báo Phục Hồi Vụ Án (Dùng Cho Các Tội Vi Phạm Vào Hoặc Trước Ngày 30 Tháng Mười Một Năm 2013),"15A-302(e),15A-931,15A-932,15A-1009","March 1, 2016",AOC-CR-307A - Mẫu Hủy Bỏ Vụ Án Thông Báo Phục Hồi Vụ Án (Dùng Cho Các Tội Vi Phạm Vào Hoặc Trước Ngày 30 Tháng Mười Một Năm 2013).pdf,199815,downloaded,https://www.nccourts.gov/assets/documents/forms/cr307a_0.pdf?VersionId=p626HY0rTOKoc8WpvsI1WvXnnEyiFYOZ,https://www.nccourts.gov/documents/forms/dismissal-notice-of-reinstatement-for-offenses-committed-on-or-before-nov-30-2013
AOC-CR-305,,Phán Quyết/Án Lệnh Hoặc Quyết Định Khác,,"April 19, 2018",AOC-CR-305 - Phán QuyếtÁn Lệnh Hoặc Quyết Định Khác.pdf,155385,downloaded,https://www.nccourts.gov/assets/documents/forms/cr305.pdf?VersionId=B_aA3w1h8GjZINCxjBt2SRO4.JTSKTIc,https://www.nccourts.gov/documents/forms/judgmentorder-or-other-disposition
AOC-CR-206,,Bản Kiểm Kê Đồ Vật Tịch Thu Trong Cuộc Khám Xét,"15A-223, 15A-254, 15A-257","April 4, 2016",AOC-CR-206 - Bản Kiểm Kê Đồ Vật Tịch Thu Trong Cuộc Khám Xét.pdf,155879,downloaded,https://www.nccourts.gov/assets/documents/forms/cr206-en.pdf?VersionId=VgJareM.82ZX19a7Ciqi_Gu2noIZrLzi,https://www.nccourts.gov/documents/forms/inventory-of-items-seized-pursuant-to-search
AOC-CR-610,,"Motion/Agreement And Order To Defer Prosecution (Structured Sentencing) (For Deferrals Entered On Or After Dec. 1, 2011)",15A-1341(a1),"December 1, 2016","AOC-CR-610 - MotionAgreement And Order To Defer Prosecution (Structured Sentencing) (For Deferrals Entered On Or After Dec. 1, 2011).pdf",372213,downloaded,https://www.nccourts.gov/assets/documents/forms/cr610_0.pdf?VersionId=E3LLcDVPFI1Qx_9iWNPqgjP.eCUx2s3w,https://www.nccourts.gov/documents/forms/motionagreement-and-order-to-defer-prosecution-structured-sentencing-for-deferrals-entered-on-or-after-dec-1-2011
AOC-CR-208A,,Motion And Order Committing Defendant To Central Regional Hospital - Butner Campus For Examination On Capacity To Proceed (For O,15A-1002,"December 1, 2013",AOC-CR-208A - Motion And Order Committing Defendant To Central Regional Hospital - Butner Campus For Examination On Capacity To Procee.pdf,241896,downloaded,https://www.nccourts.gov/assets/documents/forms/cr208a.pdf?VersionId=S3eMLTN2jAKCtF_okNjEa3ZmrXhTe1JE,https://www.nccourts.gov/documents/forms/motion-and-order-committing-defendant-to-central-regional-hospital-butner-campus-for-examination-on-capacity-to-proceed-for-offenses-committed-on-or-before-nov-30-2013
AOC-CR-303,,Felony Judgment Findings Of Factors In Aggravation And Mitigation of Punishment,15A-1340.4(a),"July 1, 1995",AOC-CR-303 - Felony Judgment Findings Of Factors In Aggravation And Mitigation of Punishment.pdf,137291,downloaded,https://www.nccourts.gov/assets/documents/forms/cr303-en.pdf?VersionId=WyVcMWJqt2B1yWxA34FAQ3sJRX8Dpfqn,https://www.nccourts.gov/documents/forms/felony-judgment-findings-of-factors-in-aggravation-and-mitigation-of-punishment
AOC-CR-337,,Motion For Continuance And Order - Impaired Driving (DWI Or Commercial DWI Involving Motor Vehicle Forfeiture),20-28.3(m),"December 1, 2013",AOC-CR-337 - Motion For Continuance And Order - Impaired Driving (DWI Or Commercial DWI Involving Motor Vehicle Forfeiture).pdf,155463,downloaded,https://www.nccourts.gov/assets/documents/forms/cr337-en.pdf?VersionId=ntaoje7jVcWQBwn0uEoaGyRaVIIMkZSj,https://www.nccourts.gov/documents/forms/motion-for-continuance-and-order-impaired-driving-dwi-or-commercial-dwi-involving-motor-vehicle-forfeiture
